COORDINATE,COUNTRY/PROVINCES,DGUID,GHG EMISSIONS,SECTOR,UOM,UOM_ID,VECTOR,Year
,"","",,"","",,"",
1.1,Canada,2021A000011124,710002,"Total, industries and households",Kilotonnes,198,v79874995,2020
1.1,Canada,2021A000011124,725870,"Total, industries and households",Kilotonnes,198,v79874995,2021
1.1,Canada,2021A000011124,731305,"Total, industries and households",Kilotonnes,198,v79874995,2023
1.1,Canada,2021A000011124,738307,"Total, industries and households",Kilotonnes,198,v79874995,2022
1.1,Canada,2021A000011124,769866,"Total, industries and households",Kilotonnes,198,v79874995,2016
1.1,Canada,2021A000011124,788862,"Total, industries and households",Kilotonnes,198,v79874995,2017
1.1,Canada,2021A000011124,794102,"Total, industries and households",Kilotonnes,198,v79874995,2019
1.1,Canada,2021A000011124,794941,"Total, industries and households",Kilotonnes,198,v79874995,2015
1.1,Canada,2021A000011124,797662,"Total, industries and households",Kilotonnes,198,v79874995,2013
1.1,Canada,2021A000011124,797758,"Total, industries and households",Kilotonnes,198,v79874995,2018
1.1,Canada,2021A000011124,798496,"Total, industries and households",Kilotonnes,198,v79874995,2014
1.115,Canada,2021A000011124,110492,"Total, households",Kilotonnes,198,v79875109,2021
1.115,Canada,2021A000011124,111281,"Total, households",Kilotonnes,198,v79875109,2020
1.115,Canada,2021A000011124,112269,"Total, households",Kilotonnes,198,v79875109,2023
1.115,Canada,2021A000011124,114987,"Total, households",Kilotonnes,198,v79875109,2022
1.115,Canada,2021A000011124,126859,"Total, households",Kilotonnes,198,v79875109,2016
1.115,Canada,2021A000011124,128732,"Total, households",Kilotonnes,198,v79875109,2015
1.115,Canada,2021A000011124,129489,"Total, households",Kilotonnes,198,v79875109,2014
1.115,Canada,2021A000011124,129916,"Total, households",Kilotonnes,198,v79875109,2017
1.115,Canada,2021A000011124,131500,"Total, households",Kilotonnes,198,v79875109,2013
1.115,Canada,2021A000011124,132475,"Total, households",Kilotonnes,198,v79875109,2018
1.115,Canada,2021A000011124,133581,"Total, households",Kilotonnes,198,v79875109,2019
1.118,Canada,2021A000011124,682283,"Total, United Nations Framework Convention on Climate Change (UNFCCC), Canada's submission",Kilotonnes,198,v79875112,2020
1.118,Canada,2021A000011124,693574,"Total, United Nations Framework Convention on Climate Change (UNFCCC), Canada's submission",Kilotonnes,198,v79875112,2021
1.118,Canada,2021A000011124,693912,"Total, United Nations Framework Convention on Climate Change (UNFCCC), Canada's submission",Kilotonnes,198,v79875112,2023
1.118,Canada,2021A000011124,699899,"Total, United Nations Framework Convention on Climate Change (UNFCCC), Canada's submission",Kilotonnes,198,v79875112,2022
1.118,Canada,2021A000011124,724909,"Total, United Nations Framework Convention on Climate Change (UNFCCC), Canada's submission",Kilotonnes,198,v79875112,2016
1.118,Canada,2021A000011124,737607,"Total, United Nations Framework Convention on Climate Change (UNFCCC), Canada's submission",Kilotonnes,198,v79875112,2017
1.118,Canada,2021A000011124,742044,"Total, United Nations Framework Convention on Climate Change (UNFCCC), Canada's submission",Kilotonnes,198,v79875112,2015
1.118,Canada,2021A000011124,747051,"Total, United Nations Framework Convention on Climate Change (UNFCCC), Canada's submission",Kilotonnes,198,v79875112,2018
1.118,Canada,2021A000011124,747308,"Total, United Nations Framework Convention on Climate Change (UNFCCC), Canada's submission",Kilotonnes,198,v79875112,2019
1.118,Canada,2021A000011124,747495,"Total, United Nations Framework Convention on Climate Change (UNFCCC), Canada's submission",Kilotonnes,198,v79875112,2014
1.118,Canada,2021A000011124,750044,"Total, United Nations Framework Convention on Climate Change (UNFCCC), Canada's submission",Kilotonnes,198,v79875112,2013
1.119,Canada,2021A000011124,-52896,"Total, Reconciliation with Canada's submission to the United Nations Framework Convention on Climate Change (UNFCCC)",Kilotonnes,198,v79875113,2015
1.119,Canada,2021A000011124,-51256,"Total, Reconciliation with Canada's submission to the United Nations Framework Convention on Climate Change (UNFCCC)",Kilotonnes,198,v79875113,2017
1.119,Canada,2021A000011124,-50999,"Total, Reconciliation with Canada's submission to the United Nations Framework Convention on Climate Change (UNFCCC)",Kilotonnes,198,v79875113,2014
1.119,Canada,2021A000011124,-50708,"Total, Reconciliation with Canada's submission to the United Nations Framework Convention on Climate Change (UNFCCC)",Kilotonnes,198,v79875113,2018
1.119,Canada,2021A000011124,-47618,"Total, Reconciliation with Canada's submission to the United Nations Framework Convention on Climate Change (UNFCCC)",Kilotonnes,198,v79875113,2013
1.119,Canada,2021A000011124,-46797,"Total, Reconciliation with Canada's submission to the United Nations Framework Convention on Climate Change (UNFCCC)",Kilotonnes,198,v79875113,2019
1.119,Canada,2021A000011124,-44957,"Total, Reconciliation with Canada's submission to the United Nations Framework Convention on Climate Change (UNFCCC)",Kilotonnes,198,v79875113,2016
1.119,Canada,2021A000011124,-38409,"Total, Reconciliation with Canada's submission to the United Nations Framework Convention on Climate Change (UNFCCC)",Kilotonnes,198,v79875113,2022
1.119,Canada,2021A000011124,-37394,"Total, Reconciliation with Canada's submission to the United Nations Framework Convention on Climate Change (UNFCCC)",Kilotonnes,198,v79875113,2023
1.119,Canada,2021A000011124,-32295,"Total, Reconciliation with Canada's submission to the United Nations Framework Convention on Climate Change (UNFCCC)",Kilotonnes,198,v79875113,2021
1.119,Canada,2021A000011124,-27718,"Total, Reconciliation with Canada's submission to the United Nations Framework Convention on Climate Change (UNFCCC)",Kilotonnes,198,v79875113,2020
1.2,Canada,2021A000011124,598721,"Total, industries",Kilotonnes,198,v79874996,2020
1.2,Canada,2021A000011124,615378,"Total, industries",Kilotonnes,198,v79874996,2021
1.2,Canada,2021A000011124,619036,"Total, industries",Kilotonnes,198,v79874996,2023
1.2,Canada,2021A000011124,623320,"Total, industries",Kilotonnes,198,v79874996,2022
1.2,Canada,2021A000011124,643007,"Total, industries",Kilotonnes,198,v79874996,2016
1.2,Canada,2021A000011124,658947,"Total, industries",Kilotonnes,198,v79874996,2017
1.2,Canada,2021A000011124,660522,"Total, industries",Kilotonnes,198,v79874996,2019
1.2,Canada,2021A000011124,665283,"Total, industries",Kilotonnes,198,v79874996,2018
1.2,Canada,2021A000011124,666162,"Total, industries",Kilotonnes,198,v79874996,2013
1.2,Canada,2021A000011124,666209,"Total, industries",Kilotonnes,198,v79874996,2015
1.2,Canada,2021A000011124,669007,"Total, industries",Kilotonnes,198,v79874996,2014
2.1,Newfoundland and Labrador,2021A000210,7367,"Total, industries and households",Kilotonnes,198,v1013973302,2021
2.1,Newfoundland and Labrador,2021A000210,7514,"Total, industries and households",Kilotonnes,198,v1013973302,2023
2.1,Newfoundland and Labrador,2021A000210,7643,"Total, industries and households",Kilotonnes,198,v1013973302,2022
2.1,Newfoundland and Labrador,2021A000210,8354,"Total, industries and households",Kilotonnes,198,v1013973302,2020
2.1,Newfoundland and Labrador,2021A000210,9034,"Total, industries and households",Kilotonnes,198,v1013973302,2013
2.1,Newfoundland and Labrador,2021A000210,10051,"Total, industries and households",Kilotonnes,198,v1013973302,2014
2.1,Newfoundland and Labrador,2021A000210,10285,"Total, industries and households",Kilotonnes,198,v1013973302,2019
2.1,Newfoundland and Labrador,2021A000210,10350,"Total, industries and households",Kilotonnes,198,v1013973302,2018
2.1,Newfoundland and Labrador,2021A000210,10664,"Total, industries and households",Kilotonnes,198,v1013973302,2017
2.1,Newfoundland and Labrador,2021A000210,10703,"Total, industries and households",Kilotonnes,198,v1013973302,2015
2.1,Newfoundland and Labrador,2021A000210,10913,"Total, industries and households",Kilotonnes,198,v1013973302,2016
2.115,Newfoundland and Labrador,2021A000210,1881,"Total, households",Kilotonnes,198,v1013973414,2023
2.115,Newfoundland and Labrador,2021A000210,1900,"Total, households",Kilotonnes,198,v1013973414,2021
2.115,Newfoundland and Labrador,2021A000210,1977,"Total, households",Kilotonnes,198,v1013973414,2022
2.115,Newfoundland and Labrador,2021A000210,2021,"Total, households",Kilotonnes,198,v1013973414,2020
2.115,Newfoundland and Labrador,2021A000210,2191,"Total, households",Kilotonnes,198,v1013973414,2013
2.115,Newfoundland and Labrador,2021A000210,2354,"Total, households",Kilotonnes,198,v1013973414,2015
2.115,Newfoundland and Labrador,2021A000210,2357,"Total, households",Kilotonnes,198,v1013973414,2019
2.115,Newfoundland and Labrador,2021A000210,2376,"Total, households",Kilotonnes,198,v1013973414,2016
2.115,Newfoundland and Labrador,2021A000210,2438,"Total, households",Kilotonnes,198,v1013973414,2018
2.115,Newfoundland and Labrador,2021A000210,2461,"Total, households",Kilotonnes,198,v1013973414,2014
2.115,Newfoundland and Labrador,2021A000210,2635,"Total, households",Kilotonnes,198,v1013973414,2017
2.118,Newfoundland and Labrador,2021A000210,7922,"Total, United Nations Framework Convention on Climate Change (UNFCCC), Canada's submission",Kilotonnes,198,v1013973417,2023
2.118,Newfoundland and Labrador,2021A000210,7981,"Total, United Nations Framework Convention on Climate Change (UNFCCC), Canada's submission",Kilotonnes,198,v1013973417,2021
2.118,Newfoundland and Labrador,2021A000210,8058,"Total, United Nations Framework Convention on Climate Change (UNFCCC), Canada's submission",Kilotonnes,198,v1013973417,2022
2.118,Newfoundland and Labrador,2021A000210,8603,"Total, United Nations Framework Convention on Climate Change (UNFCCC), Canada's submission",Kilotonnes,198,v1013973417,2020
2.118,Newfoundland and Labrador,2021A000210,9799,"Total, United Nations Framework Convention on Climate Change (UNFCCC), Canada's submission",Kilotonnes,198,v1013973417,2013
2.118,Newfoundland and Labrador,2021A000210,10682,"Total, United Nations Framework Convention on Climate Change (UNFCCC), Canada's submission",Kilotonnes,198,v1013973417,2018
2.118,Newfoundland and Labrador,2021A000210,10790,"Total, United Nations Framework Convention on Climate Change (UNFCCC), Canada's submission",Kilotonnes,198,v1013973417,2014
2.118,Newfoundland and Labrador,2021A000210,10845,"Total, United Nations Framework Convention on Climate Change (UNFCCC), Canada's submission",Kilotonnes,198,v1013973417,2019
2.118,Newfoundland and Labrador,2021A000210,10926,"Total, United Nations Framework Convention on Climate Change (UNFCCC), Canada's submission",Kilotonnes,198,v1013973417,2017
2.118,Newfoundland and Labrador,2021A000210,10967,"Total, United Nations Framework Convention on Climate Change (UNFCCC), Canada's submission",Kilotonnes,198,v1013973417,2015
2.118,Newfoundland and Labrador,2021A000210,11020,"Total, United Nations Framework Convention on Climate Change (UNFCCC), Canada's submission",Kilotonnes,198,v1013973417,2016
2.119,Newfoundland and Labrador,2021A000210,107,"Total, Reconciliation with Canada's submission to the United Nations Framework Convention on Climate Change (UNFCCC)",Kilotonnes,198,v1013973418,2016
2.119,Newfoundland and Labrador,2021A000210,249,"Total, Reconciliation with Canada's submission to the United Nations Framework Convention on Climate Change (UNFCCC)",Kilotonnes,198,v1013973418,2020
2.119,Newfoundland and Labrador,2021A000210,262,"Total, Reconciliation with Canada's submission to the United Nations Framework Convention on Climate Change (UNFCCC)",Kilotonnes,198,v1013973418,2017
2.119,Newfoundland and Labrador,2021A000210,264,"Total, Reconciliation with Canada's submission to the United Nations Framework Convention on Climate Change (UNFCCC)",Kilotonnes,198,v1013973418,2015
2.119,Newfoundland and Labrador,2021A000210,332,"Total, Reconciliation with Canada's submission to the United Nations Framework Convention on Climate Change (UNFCCC)",Kilotonnes,198,v1013973418,2018
2.119,Newfoundland and Labrador,2021A000210,408,"Total, Reconciliation with Canada's submission to the United Nations Framework Convention on Climate Change (UNFCCC)",Kilotonnes,198,v1013973418,2023
2.119,Newfoundland and Labrador,2021A000210,415,"Total, Reconciliation with Canada's submission to the United Nations Framework Convention on Climate Change (UNFCCC)",Kilotonnes,198,v1013973418,2022
2.119,Newfoundland and Labrador,2021A000210,560,"Total, Reconciliation with Canada's submission to the United Nations Framework Convention on Climate Change (UNFCCC)",Kilotonnes,198,v1013973418,2019
2.119,Newfoundland and Labrador,2021A000210,615,"Total, Reconciliation with Canada's submission to the United Nations Framework Convention on Climate Change (UNFCCC)",Kilotonnes,198,v1013973418,2021
2.119,Newfoundland and Labrador,2021A000210,739,"Total, Reconciliation with Canada's submission to the United Nations Framework Convention on Climate Change (UNFCCC)",Kilotonnes,198,v1013973418,2014
2.119,Newfoundland and Labrador,2021A000210,765,"Total, Reconciliation with Canada's submission to the United Nations Framework Convention on Climate Change (UNFCCC)",Kilotonnes,198,v1013973418,2013
2.2,Newfoundland and Labrador,2021A000210,5467,"Total, industries",Kilotonnes,198,v1013973303,2021
2.2,Newfoundland and Labrador,2021A000210,5632,"Total, industries",Kilotonnes,198,v1013973303,2023
2.2,Newfoundland and Labrador,2021A000210,5666,"Total, industries",Kilotonnes,198,v1013973303,2022
2.2,Newfoundland and Labrador,2021A000210,6334,"Total, industries",Kilotonnes,198,v1013973303,2020
2.2,Newfoundland and Labrador,2021A000210,6843,"Total, industries",Kilotonnes,198,v1013973303,2013
2.2,Newfoundland and Labrador,2021A000210,7590,"Total, industries",Kilotonnes,198,v1013973303,2014
2.2,Newfoundland and Labrador,2021A000210,7912,"Total, industries",Kilotonnes,198,v1013973303,2018
2.2,Newfoundland and Labrador,2021A000210,7928,"Total, industries",Kilotonnes,198,v1013973303,2019
2.2,Newfoundland and Labrador,2021A000210,8029,"Total, industries",Kilotonnes,198,v1013973303,2017
2.2,Newfoundland and Labrador,2021A000210,8349,"Total, industries",Kilotonnes,198,v1013973303,2015
2.2,Newfoundland and Labrador,2021A000210,8537,"Total, industries",Kilotonnes,198,v1013973303,2016
3.1,Prince Edward Island,2021A000211,1499,"Total, industries and households",Kilotonnes,198,v1013973427,2015
3.1,Prince Edward Island,2021A000211,1533,"Total, industries and households",Kilotonnes,198,v1013973427,2023
3.1,Prince Edward Island,2021A000211,1552,"Total, industries and households",Kilotonnes,198,v1013973427,2014
3.1,Prince Edward Island,2021A000211,1574,"Total, industries and households",Kilotonnes,198,v1013973427,2013
3.1,Prince Edward Island,2021A000211,1583,"Total, industries and households",Kilotonnes,198,v1013973427,2022
3.1,Prince Edward Island,2021A000211,1590,"Total, industries and households",Kilotonnes,198,v1013973427,2016
3.1,Prince Edward Island,2021A000211,1599,"Total, industries and households",Kilotonnes,198,v1013973427,2020
3.1,Prince Edward Island,2021A000211,1608,"Total, industries and households",Kilotonnes,198,v1013973427,2021
3.1,Prince Edward Island,2021A000211,1622,"Total, industries and households",Kilotonnes,198,v1013973427,2018
3.1,Prince Edward Island,2021A000211,1635,"Total, industries and households",Kilotonnes,198,v1013973427,2017
3.1,Prince Edward Island,2021A000211,1656,"Total, industries and households",Kilotonnes,198,v1013973427,2019
3.115,Prince Edward Island,2021A000211,697,"Total, households",Kilotonnes,198,v1013973539,2021
3.115,Prince Edward Island,2021A000211,698,"Total, households",Kilotonnes,198,v1013973539,2023
3.115,Prince Edward Island,2021A000211,701,"Total, households",Kilotonnes,198,v1013973539,2022
3.115,Prince Edward Island,2021A000211,705,"Total, households",Kilotonnes,198,v1013973539,2015
3.115,Prince Edward Island,2021A000211,706,"Total, households",Kilotonnes,198,v1013973539,2020
3.115,Prince Edward Island,2021A000211,763,"Total, households",Kilotonnes,198,v1013973539,2016
3.115,Prince Edward Island,2021A000211,767,"Total, households",Kilotonnes,198,v1013973539,2014
3.115,Prince Edward Island,2021A000211,789,"Total, households",Kilotonnes,198,v1013973539,2018
3.115,Prince Edward Island,2021A000211,806,"Total, households",Kilotonnes,198,v1013973539,2019
3.115,Prince Edward Island,2021A000211,822,"Total, households",Kilotonnes,198,v1013973539,2017
3.115,Prince Edward Island,2021A000211,828,"Total, households",Kilotonnes,198,v1013973539,2013
3.118,Prince Edward Island,2021A000211,1548,"Total, United Nations Framework Convention on Climate Change (UNFCCC), Canada's submission",Kilotonnes,198,v1013973542,2015
3.118,Prince Edward Island,2021A000211,1585,"Total, United Nations Framework Convention on Climate Change (UNFCCC), Canada's submission",Kilotonnes,198,v1013973542,2020
3.118,Prince Edward Island,2021A000211,1587,"Total, United Nations Framework Convention on Climate Change (UNFCCC), Canada's submission",Kilotonnes,198,v1013973542,2014
3.118,Prince Edward Island,2021A000211,1590,"Total, United Nations Framework Convention on Climate Change (UNFCCC), Canada's submission",Kilotonnes,198,v1013973542,2018
3.118,Prince Edward Island,2021A000211,1592,"Total, United Nations Framework Convention on Climate Change (UNFCCC), Canada's submission",Kilotonnes,198,v1013973542,2023
3.118,Prince Edward Island,2021A000211,1594,"Total, United Nations Framework Convention on Climate Change (UNFCCC), Canada's submission",Kilotonnes,198,v1013973542,2016
3.118,Prince Edward Island,2021A000211,1606,"Total, United Nations Framework Convention on Climate Change (UNFCCC), Canada's submission",Kilotonnes,198,v1013973542,2022
3.118,Prince Edward Island,2021A000211,1616,"Total, United Nations Framework Convention on Climate Change (UNFCCC), Canada's submission",Kilotonnes,198,v1013973542,2017
3.118,Prince Edward Island,2021A000211,1628,"Total, United Nations Framework Convention on Climate Change (UNFCCC), Canada's submission",Kilotonnes,198,v1013973542,2021
3.118,Prince Edward Island,2021A000211,1633,"Total, United Nations Framework Convention on Climate Change (UNFCCC), Canada's submission",Kilotonnes,198,v1013973542,2019
3.118,Prince Edward Island,2021A000211,1648,"Total, United Nations Framework Convention on Climate Change (UNFCCC), Canada's submission",Kilotonnes,198,v1013973542,2013
3.119,Prince Edward Island,2021A000211,-32,"Total, Reconciliation with Canada's submission to the United Nations Framework Convention on Climate Change (UNFCCC)",Kilotonnes,198,v1013973543,2018
3.119,Prince Edward Island,2021A000211,-23,"Total, Reconciliation with Canada's submission to the United Nations Framework Convention on Climate Change (UNFCCC)",Kilotonnes,198,v1013973543,2019
3.119,Prince Edward Island,2021A000211,-19,"Total, Reconciliation with Canada's submission to the United Nations Framework Convention on Climate Change (UNFCCC)",Kilotonnes,198,v1013973543,2017
3.119,Prince Edward Island,2021A000211,-14,"Total, Reconciliation with Canada's submission to the United Nations Framework Convention on Climate Change (UNFCCC)",Kilotonnes,198,v1013973543,2020
3.119,Prince Edward Island,2021A000211,4,"Total, Reconciliation with Canada's submission to the United Nations Framework Convention on Climate Change (UNFCCC)",Kilotonnes,198,v1013973543,2016
3.119,Prince Edward Island,2021A000211,20,"Total, Reconciliation with Canada's submission to the United Nations Framework Convention on Climate Change (UNFCCC)",Kilotonnes,198,v1013973543,2021
3.119,Prince Edward Island,2021A000211,23,"Total, Reconciliation with Canada's submission to the United Nations Framework Convention on Climate Change (UNFCCC)",Kilotonnes,198,v1013973543,2022
3.119,Prince Edward Island,2021A000211,35,"Total, Reconciliation with Canada's submission to the United Nations Framework Convention on Climate Change (UNFCCC)",Kilotonnes,198,v1013973543,2014
3.119,Prince Edward Island,2021A000211,49,"Total, Reconciliation with Canada's submission to the United Nations Framework Convention on Climate Change (UNFCCC)",Kilotonnes,198,v1013973543,2015
3.119,Prince Edward Island,2021A000211,59,"Total, Reconciliation with Canada's submission to the United Nations Framework Convention on Climate Change (UNFCCC)",Kilotonnes,198,v1013973543,2023
3.119,Prince Edward Island,2021A000211,73,"Total, Reconciliation with Canada's submission to the United Nations Framework Convention on Climate Change (UNFCCC)",Kilotonnes,198,v1013973543,2013
3.2,Prince Edward Island,2021A000211,746,"Total, industries",Kilotonnes,198,v1013973428,2013
3.2,Prince Edward Island,2021A000211,786,"Total, industries",Kilotonnes,198,v1013973428,2014
3.2,Prince Edward Island,2021A000211,795,"Total, industries",Kilotonnes,198,v1013973428,2015
3.2,Prince Edward Island,2021A000211,814,"Total, industries",Kilotonnes,198,v1013973428,2017
3.2,Prince Edward Island,2021A000211,827,"Total, industries",Kilotonnes,198,v1013973428,2016
3.2,Prince Edward Island,2021A000211,833,"Total, industries",Kilotonnes,198,v1013973428,2018
3.2,Prince Edward Island,2021A000211,835,"Total, industries",Kilotonnes,198,v1013973428,2023
3.2,Prince Edward Island,2021A000211,850,"Total, industries",Kilotonnes,198,v1013973428,2019
3.2,Prince Edward Island,2021A000211,882,"Total, industries",Kilotonnes,198,v1013973428,2022
3.2,Prince Edward Island,2021A000211,893,"Total, industries",Kilotonnes,198,v1013973428,2020
3.2,Prince Edward Island,2021A000211,911,"Total, industries",Kilotonnes,198,v1013973428,2021
4.1,Nova Scotia,2021A000212,12996,"Total, industries and households",Kilotonnes,198,v1013973552,2023
4.1,Nova Scotia,2021A000212,13740,"Total, industries and households",Kilotonnes,198,v1013973552,2022
4.1,Nova Scotia,2021A000212,13861,"Total, industries and households",Kilotonnes,198,v1013973552,2021
4.1,Nova Scotia,2021A000212,14081,"Total, industries and households",Kilotonnes,198,v1013973552,2020
4.1,Nova Scotia,2021A000212,16360,"Total, industries and households",Kilotonnes,198,v1013973552,2016
4.1,Nova Scotia,2021A000212,16441,"Total, industries and households",Kilotonnes,198,v1013973552,2019
4.1,Nova Scotia,2021A000212,16707,"Total, industries and households",Kilotonnes,198,v1013973552,2017
4.1,Nova Scotia,2021A000212,17052,"Total, industries and households",Kilotonnes,198,v1013973552,2015
4.1,Nova Scotia,2021A000212,17094,"Total, industries and households",Kilotonnes,198,v1013973552,2014
4.1,Nova Scotia,2021A000212,17280,"Total, industries and households",Kilotonnes,198,v1013973552,2018
4.1,Nova Scotia,2021A000212,18507,"Total, industries and households",Kilotonnes,198,v1013973552,2013
4.115,Nova Scotia,2021A000212,3776,"Total, households",Kilotonnes,198,v1013973664,2021
4.115,Nova Scotia,2021A000212,3851,"Total, households",Kilotonnes,198,v1013973664,2020
4.115,Nova Scotia,2021A000212,3873,"Total, households",Kilotonnes,198,v1013973664,2023
4.115,Nova Scotia,2021A000212,3913,"Total, households",Kilotonnes,198,v1013973664,2022
4.115,Nova Scotia,2021A000212,4204,"Total, households",Kilotonnes,198,v1013973664,2014
4.115,Nova Scotia,2021A000212,4419,"Total, households",Kilotonnes,198,v1013973664,2016
4.115,Nova Scotia,2021A000212,4533,"Total, households",Kilotonnes,198,v1013973664,2013
4.115,Nova Scotia,2021A000212,4567,"Total, households",Kilotonnes,198,v1013973664,2017
4.115,Nova Scotia,2021A000212,4600,"Total, households",Kilotonnes,198,v1013973664,2019
4.115,Nova Scotia,2021A000212,4707,"Total, households",Kilotonnes,198,v1013973664,2015
4.115,Nova Scotia,2021A000212,4716,"Total, households",Kilotonnes,198,v1013973664,2018
4.118,Nova Scotia,2021A000212,13539,"Total, United Nations Framework Convention on Climate Change (UNFCCC), Canada's submission",Kilotonnes,198,v1013973667,2023
4.118,Nova Scotia,2021A000212,14245,"Total, United Nations Framework Convention on Climate Change (UNFCCC), Canada's submission",Kilotonnes,198,v1013973667,2021
4.118,Nova Scotia,2021A000212,14292,"Total, United Nations Framework Convention on Climate Change (UNFCCC), Canada's submission",Kilotonnes,198,v1013973667,2022
4.118,Nova Scotia,2021A000212,14393,"Total, United Nations Framework Convention on Climate Change (UNFCCC), Canada's submission",Kilotonnes,198,v1013973667,2020
4.118,Nova Scotia,2021A000212,15579,"Total, United Nations Framework Convention on Climate Change (UNFCCC), Canada's submission",Kilotonnes,198,v1013973667,2016
4.118,Nova Scotia,2021A000212,15783,"Total, United Nations Framework Convention on Climate Change (UNFCCC), Canada's submission",Kilotonnes,198,v1013973667,2019
4.118,Nova Scotia,2021A000212,15886,"Total, United Nations Framework Convention on Climate Change (UNFCCC), Canada's submission",Kilotonnes,198,v1013973667,2017
4.118,Nova Scotia,2021A000212,16126,"Total, United Nations Framework Convention on Climate Change (UNFCCC), Canada's submission",Kilotonnes,198,v1013973667,2014
4.118,Nova Scotia,2021A000212,16310,"Total, United Nations Framework Convention on Climate Change (UNFCCC), Canada's submission",Kilotonnes,198,v1013973667,2015
4.118,Nova Scotia,2021A000212,16543,"Total, United Nations Framework Convention on Climate Change (UNFCCC), Canada's submission",Kilotonnes,198,v1013973667,2018
4.118,Nova Scotia,2021A000212,18041,"Total, United Nations Framework Convention on Climate Change (UNFCCC), Canada's submission",Kilotonnes,198,v1013973667,2013
4.119,Nova Scotia,2021A000212,-968,"Total, Reconciliation with Canada's submission to the United Nations Framework Convention on Climate Change (UNFCCC)",Kilotonnes,198,v1013973668,2014
4.119,Nova Scotia,2021A000212,-820,"Total, Reconciliation with Canada's submission to the United Nations Framework Convention on Climate Change (UNFCCC)",Kilotonnes,198,v1013973668,2017
4.119,Nova Scotia,2021A000212,-781,"Total, Reconciliation with Canada's submission to the United Nations Framework Convention on Climate Change (UNFCCC)",Kilotonnes,198,v1013973668,2016
4.119,Nova Scotia,2021A000212,-742,"Total, Reconciliation with Canada's submission to the United Nations Framework Convention on Climate Change (UNFCCC)",Kilotonnes,198,v1013973668,2015
4.119,Nova Scotia,2021A000212,-737,"Total, Reconciliation with Canada's submission to the United Nations Framework Convention on Climate Change (UNFCCC)",Kilotonnes,198,v1013973668,2018
4.119,Nova Scotia,2021A000212,-658,"Total, Reconciliation with Canada's submission to the United Nations Framework Convention on Climate Change (UNFCCC)",Kilotonnes,198,v1013973668,2019
4.119,Nova Scotia,2021A000212,-466,"Total, Reconciliation with Canada's submission to the United Nations Framework Convention on Climate Change (UNFCCC)",Kilotonnes,198,v1013973668,2013
4.119,Nova Scotia,2021A000212,312,"Total, Reconciliation with Canada's submission to the United Nations Framework Convention on Climate Change (UNFCCC)",Kilotonnes,198,v1013973668,2020
4.119,Nova Scotia,2021A000212,384,"Total, Reconciliation with Canada's submission to the United Nations Framework Convention on Climate Change (UNFCCC)",Kilotonnes,198,v1013973668,2021
4.119,Nova Scotia,2021A000212,542,"Total, Reconciliation with Canada's submission to the United Nations Framework Convention on Climate Change (UNFCCC)",Kilotonnes,198,v1013973668,2023
4.119,Nova Scotia,2021A000212,551,"Total, Reconciliation with Canada's submission to the United Nations Framework Convention on Climate Change (UNFCCC)",Kilotonnes,198,v1013973668,2022
4.2,Nova Scotia,2021A000212,9124,"Total, industries",Kilotonnes,198,v1013973553,2023
4.2,Nova Scotia,2021A000212,9827,"Total, industries",Kilotonnes,198,v1013973553,2022
4.2,Nova Scotia,2021A000212,10085,"Total, industries",Kilotonnes,198,v1013973553,2021
4.2,Nova Scotia,2021A000212,10229,"Total, industries",Kilotonnes,198,v1013973553,2020
4.2,Nova Scotia,2021A000212,11841,"Total, industries",Kilotonnes,198,v1013973553,2019
4.2,Nova Scotia,2021A000212,11941,"Total, industries",Kilotonnes,198,v1013973553,2016
4.2,Nova Scotia,2021A000212,12140,"Total, industries",Kilotonnes,198,v1013973553,2017
4.2,Nova Scotia,2021A000212,12345,"Total, industries",Kilotonnes,198,v1013973553,2015
4.2,Nova Scotia,2021A000212,12564,"Total, industries",Kilotonnes,198,v1013973553,2018
4.2,Nova Scotia,2021A000212,12889,"Total, industries",Kilotonnes,198,v1013973553,2014
4.2,Nova Scotia,2021A000212,13974,"Total, industries",Kilotonnes,198,v1013973553,2013
5.1,New Brunswick,2021A000213,15000,"Total, industries and households",Kilotonnes,198,v1013973677,2020
5.1,New Brunswick,2021A000213,15485,"Total, industries and households",Kilotonnes,198,v1013973677,2021
5.1,New Brunswick,2021A000213,15643,"Total, industries and households",Kilotonnes,198,v1013973677,2023
5.1,New Brunswick,2021A000213,16519,"Total, industries and households",Kilotonnes,198,v1013973677,2014
5.1,New Brunswick,2021A000213,16558,"Total, industries and households",Kilotonnes,198,v1013973677,2019
5.1,New Brunswick,2021A000213,16799,"Total, industries and households",Kilotonnes,198,v1013973677,2022
5.1,New Brunswick,2021A000213,17153,"Total, industries and households",Kilotonnes,198,v1013973677,2013
5.1,New Brunswick,2021A000213,17369,"Total, industries and households",Kilotonnes,198,v1013973677,2015
5.1,New Brunswick,2021A000213,17442,"Total, industries and households",Kilotonnes,198,v1013973677,2018
5.1,New Brunswick,2021A000213,17476,"Total, industries and households",Kilotonnes,198,v1013973677,2017
5.1,New Brunswick,2021A000213,18452,"Total, industries and households",Kilotonnes,198,v1013973677,2016
5.115,New Brunswick,2021A000213,2355,"Total, households",Kilotonnes,198,v1013973789,2021
5.115,New Brunswick,2021A000213,2383,"Total, households",Kilotonnes,198,v1013973789,2023
5.115,New Brunswick,2021A000213,2389,"Total, households",Kilotonnes,198,v1013973789,2022
5.115,New Brunswick,2021A000213,2590,"Total, households",Kilotonnes,198,v1013973789,2020
5.115,New Brunswick,2021A000213,3120,"Total, households",Kilotonnes,198,v1013973789,2019
5.115,New Brunswick,2021A000213,3375,"Total, households",Kilotonnes,198,v1013973789,2018
5.115,New Brunswick,2021A000213,3548,"Total, households",Kilotonnes,198,v1013973789,2017
5.115,New Brunswick,2021A000213,3717,"Total, households",Kilotonnes,198,v1013973789,2013
5.115,New Brunswick,2021A000213,3730,"Total, households",Kilotonnes,198,v1013973789,2014
5.115,New Brunswick,2021A000213,4092,"Total, households",Kilotonnes,198,v1013973789,2016
5.115,New Brunswick,2021A000213,4316,"Total, households",Kilotonnes,198,v1013973789,2015
5.118,New Brunswick,2021A000213,11112,"Total, United Nations Framework Convention on Climate Change (UNFCCC), Canada's submission",Kilotonnes,198,v1013973792,2020
5.118,New Brunswick,2021A000213,11466,"Total, United Nations Framework Convention on Climate Change (UNFCCC), Canada's submission",Kilotonnes,198,v1013973792,2023
5.118,New Brunswick,2021A000213,11815,"Total, United Nations Framework Convention on Climate Change (UNFCCC), Canada's submission",Kilotonnes,198,v1013973792,2021
5.118,New Brunswick,2021A000213,12419,"Total, United Nations Framework Convention on Climate Change (UNFCCC), Canada's submission",Kilotonnes,198,v1013973792,2022
5.118,New Brunswick,2021A000213,13105,"Total, United Nations Framework Convention on Climate Change (UNFCCC), Canada's submission",Kilotonnes,198,v1013973792,2019
5.118,New Brunswick,2021A000213,13404,"Total, United Nations Framework Convention on Climate Change (UNFCCC), Canada's submission",Kilotonnes,198,v1013973792,2018
5.118,New Brunswick,2021A000213,13551,"Total, United Nations Framework Convention on Climate Change (UNFCCC), Canada's submission",Kilotonnes,198,v1013973792,2017
5.118,New Brunswick,2021A000213,13731,"Total, United Nations Framework Convention on Climate Change (UNFCCC), Canada's submission",Kilotonnes,198,v1013973792,2014
5.118,New Brunswick,2021A000213,13795,"Total, United Nations Framework Convention on Climate Change (UNFCCC), Canada's submission",Kilotonnes,198,v1013973792,2015
5.118,New Brunswick,2021A000213,14042,"Total, United Nations Framework Convention on Climate Change (UNFCCC), Canada's submission",Kilotonnes,198,v1013973792,2013
5.118,New Brunswick,2021A000213,14629,"Total, United Nations Framework Convention on Climate Change (UNFCCC), Canada's submission",Kilotonnes,198,v1013973792,2016
5.119,New Brunswick,2021A000213,-4380,"Total, Reconciliation with Canada's submission to the United Nations Framework Convention on Climate Change (UNFCCC)",Kilotonnes,198,v1013973793,2022
5.119,New Brunswick,2021A000213,-4177,"Total, Reconciliation with Canada's submission to the United Nations Framework Convention on Climate Change (UNFCCC)",Kilotonnes,198,v1013973793,2023
5.119,New Brunswick,2021A000213,-4038,"Total, Reconciliation with Canada's submission to the United Nations Framework Convention on Climate Change (UNFCCC)",Kilotonnes,198,v1013973793,2018
5.119,New Brunswick,2021A000213,-3925,"Total, Reconciliation with Canada's submission to the United Nations Framework Convention on Climate Change (UNFCCC)",Kilotonnes,198,v1013973793,2017
5.119,New Brunswick,2021A000213,-3888,"Total, Reconciliation with Canada's submission to the United Nations Framework Convention on Climate Change (UNFCCC)",Kilotonnes,198,v1013973793,2020
5.119,New Brunswick,2021A000213,-3824,"Total, Reconciliation with Canada's submission to the United Nations Framework Convention on Climate Change (UNFCCC)",Kilotonnes,198,v1013973793,2016
5.119,New Brunswick,2021A000213,-3671,"Total, Reconciliation with Canada's submission to the United Nations Framework Convention on Climate Change (UNFCCC)",Kilotonnes,198,v1013973793,2021
5.119,New Brunswick,2021A000213,-3574,"Total, Reconciliation with Canada's submission to the United Nations Framework Convention on Climate Change (UNFCCC)",Kilotonnes,198,v1013973793,2015
5.119,New Brunswick,2021A000213,-3453,"Total, Reconciliation with Canada's submission to the United Nations Framework Convention on Climate Change (UNFCCC)",Kilotonnes,198,v1013973793,2019
5.119,New Brunswick,2021A000213,-3111,"Total, Reconciliation with Canada's submission to the United Nations Framework Convention on Climate Change (UNFCCC)",Kilotonnes,198,v1013973793,2013
5.119,New Brunswick,2021A000213,-2788,"Total, Reconciliation with Canada's submission to the United Nations Framework Convention on Climate Change (UNFCCC)",Kilotonnes,198,v1013973793,2014
5.2,New Brunswick,2021A000213,12410,"Total, industries",Kilotonnes,198,v1013973678,2020
5.2,New Brunswick,2021A000213,12789,"Total, industries",Kilotonnes,198,v1013973678,2014
5.2,New Brunswick,2021A000213,13053,"Total, industries",Kilotonnes,198,v1013973678,2015
5.2,New Brunswick,2021A000213,13131,"Total, industries",Kilotonnes,198,v1013973678,2021
5.2,New Brunswick,2021A000213,13260,"Total, industries",Kilotonnes,198,v1013973678,2023
5.2,New Brunswick,2021A000213,13436,"Total, industries",Kilotonnes,198,v1013973678,2013
5.2,New Brunswick,2021A000213,13439,"Total, industries",Kilotonnes,198,v1013973678,2019
5.2,New Brunswick,2021A000213,13928,"Total, industries",Kilotonnes,198,v1013973678,2017
5.2,New Brunswick,2021A000213,14067,"Total, industries",Kilotonnes,198,v1013973678,2018
5.2,New Brunswick,2021A000213,14360,"Total, industries",Kilotonnes,198,v1013973678,2016
5.2,New Brunswick,2021A000213,14410,"Total, industries",Kilotonnes,198,v1013973678,2022
6.1,Quebec,2021A000224,79635,"Total, industries and households",Kilotonnes,198,v1013973802,2020
6.1,Quebec,2021A000224,84141,"Total, industries and households",Kilotonnes,198,v1013973802,2021
6.1,Quebec,2021A000224,85941,"Total, industries and households",Kilotonnes,198,v1013973802,2014
6.1,Quebec,2021A000224,87305,"Total, industries and households",Kilotonnes,198,v1013973802,2016
6.1,Quebec,2021A000224,87550,"Total, industries and households",Kilotonnes,198,v1013973802,2013
6.1,Quebec,2021A000224,88628,"Total, industries and households",Kilotonnes,198,v1013973802,2022
6.1,Quebec,2021A000224,88774,"Total, industries and households",Kilotonnes,198,v1013973802,2023
6.1,Quebec,2021A000224,88827,"Total, industries and households",Kilotonnes,198,v1013973802,2015
6.1,Quebec,2021A000224,89621,"Total, industries and households",Kilotonnes,198,v1013973802,2017
6.1,Quebec,2021A000224,89839,"Total, industries and households",Kilotonnes,198,v1013973802,2018
6.1,Quebec,2021A000224,91561,"Total, industries and households",Kilotonnes,198,v1013973802,2019
6.115,Quebec,2021A000224,20408,"Total, households",Kilotonnes,198,v1013973914,2020
6.115,Quebec,2021A000224,21356,"Total, households",Kilotonnes,198,v1013973914,2021
6.115,Quebec,2021A000224,22512,"Total, households",Kilotonnes,198,v1013973914,2022
6.115,Quebec,2021A000224,22512,"Total, households",Kilotonnes,198,v1013973914,2023
6.115,Quebec,2021A000224,24465,"Total, households",Kilotonnes,198,v1013973914,2016
6.115,Quebec,2021A000224,24742,"Total, households",Kilotonnes,198,v1013973914,2018
6.115,Quebec,2021A000224,24813,"Total, households",Kilotonnes,198,v1013973914,2015
6.115,Quebec,2021A000224,24827,"Total, households",Kilotonnes,198,v1013973914,2017
6.115,Quebec,2021A000224,24900,"Total, households",Kilotonnes,198,v1013973914,2014
6.115,Quebec,2021A000224,24921,"Total, households",Kilotonnes,198,v1013973914,2019
6.115,Quebec,2021A000224,25294,"Total, households",Kilotonnes,198,v1013973914,2013
6.118,Quebec,2021A000224,74525,"Total, United Nations Framework Convention on Climate Change (UNFCCC), Canada's submission",Kilotonnes,198,v1013973917,2020
6.118,Quebec,2021A000224,76634,"Total, United Nations Framework Convention on Climate Change (UNFCCC), Canada's submission",Kilotonnes,198,v1013973917,2014
6.118,Quebec,2021A000224,76908,"Total, United Nations Framework Convention on Climate Change (UNFCCC), Canada's submission",Kilotonnes,198,v1013973917,2015
6.118,Quebec,2021A000224,76912,"Total, United Nations Framework Convention on Climate Change (UNFCCC), Canada's submission",Kilotonnes,198,v1013973917,2016
6.118,Quebec,2021A000224,77530,"Total, United Nations Framework Convention on Climate Change (UNFCCC), Canada's submission",Kilotonnes,198,v1013973917,2021
6.118,Quebec,2021A000224,78815,"Total, United Nations Framework Convention on Climate Change (UNFCCC), Canada's submission",Kilotonnes,198,v1013973917,2013
6.118,Quebec,2021A000224,78931,"Total, United Nations Framework Convention on Climate Change (UNFCCC), Canada's submission",Kilotonnes,198,v1013973917,2023
6.118,Quebec,2021A000224,79259,"Total, United Nations Framework Convention on Climate Change (UNFCCC), Canada's submission",Kilotonnes,198,v1013973917,2017
6.118,Quebec,2021A000224,79286,"Total, United Nations Framework Convention on Climate Change (UNFCCC), Canada's submission",Kilotonnes,198,v1013973917,2022
6.118,Quebec,2021A000224,79946,"Total, United Nations Framework Convention on Climate Change (UNFCCC), Canada's submission",Kilotonnes,198,v1013973917,2018
6.118,Quebec,2021A000224,81877,"Total, United Nations Framework Convention on Climate Change (UNFCCC), Canada's submission",Kilotonnes,198,v1013973917,2019
6.119,Quebec,2021A000224,-11920,"Total, Reconciliation with Canada's submission to the United Nations Framework Convention on Climate Change (UNFCCC)",Kilotonnes,198,v1013973918,2015
6.119,Quebec,2021A000224,-10393,"Total, Reconciliation with Canada's submission to the United Nations Framework Convention on Climate Change (UNFCCC)",Kilotonnes,198,v1013973918,2016
6.119,Quebec,2021A000224,-10362,"Total, Reconciliation with Canada's submission to the United Nations Framework Convention on Climate Change (UNFCCC)",Kilotonnes,198,v1013973918,2017
6.119,Quebec,2021A000224,-9893,"Total, Reconciliation with Canada's submission to the United Nations Framework Convention on Climate Change (UNFCCC)",Kilotonnes,198,v1013973918,2018
6.119,Quebec,2021A000224,-9843,"Total, Reconciliation with Canada's submission to the United Nations Framework Convention on Climate Change (UNFCCC)",Kilotonnes,198,v1013973918,2023
6.119,Quebec,2021A000224,-9684,"Total, Reconciliation with Canada's submission to the United Nations Framework Convention on Climate Change (UNFCCC)",Kilotonnes,198,v1013973918,2019
6.119,Quebec,2021A000224,-9342,"Total, Reconciliation with Canada's submission to the United Nations Framework Convention on Climate Change (UNFCCC)",Kilotonnes,198,v1013973918,2022
6.119,Quebec,2021A000224,-9306,"Total, Reconciliation with Canada's submission to the United Nations Framework Convention on Climate Change (UNFCCC)",Kilotonnes,198,v1013973918,2014
6.119,Quebec,2021A000224,-8736,"Total, Reconciliation with Canada's submission to the United Nations Framework Convention on Climate Change (UNFCCC)",Kilotonnes,198,v1013973918,2013
6.119,Quebec,2021A000224,-6611,"Total, Reconciliation with Canada's submission to the United Nations Framework Convention on Climate Change (UNFCCC)",Kilotonnes,198,v1013973918,2021
6.119,Quebec,2021A000224,-5110,"Total, Reconciliation with Canada's submission to the United Nations Framework Convention on Climate Change (UNFCCC)",Kilotonnes,198,v1013973918,2020
6.2,Quebec,2021A000224,59226,"Total, industries",Kilotonnes,198,v1013973803,2020
6.2,Quebec,2021A000224,61041,"Total, industries",Kilotonnes,198,v1013973803,2014
6.2,Quebec,2021A000224,62257,"Total, industries",Kilotonnes,198,v1013973803,2013
6.2,Quebec,2021A000224,62785,"Total, industries",Kilotonnes,198,v1013973803,2021
6.2,Quebec,2021A000224,62840,"Total, industries",Kilotonnes,198,v1013973803,2016
6.2,Quebec,2021A000224,64014,"Total, industries",Kilotonnes,198,v1013973803,2015
6.2,Quebec,2021A000224,64794,"Total, industries",Kilotonnes,198,v1013973803,2017
6.2,Quebec,2021A000224,65096,"Total, industries",Kilotonnes,198,v1013973803,2018
6.2,Quebec,2021A000224,66115,"Total, industries",Kilotonnes,198,v1013973803,2022
6.2,Quebec,2021A000224,66262,"Total, industries",Kilotonnes,198,v1013973803,2023
6.2,Quebec,2021A000224,66640,"Total, industries",Kilotonnes,198,v1013973803,2019
7.1,Ontario,2021A000235,147380,"Total, industries and households",Kilotonnes,198,v1013973927,2020
7.1,Ontario,2021A000235,150671,"Total, industries and households",Kilotonnes,198,v1013973927,2021
7.1,Ontario,2021A000235,158978,"Total, industries and households",Kilotonnes,198,v1013973927,2022
7.1,Ontario,2021A000235,160672,"Total, industries and households",Kilotonnes,198,v1013973927,2023
7.1,Ontario,2021A000235,164499,"Total, industries and households",Kilotonnes,198,v1013973927,2017
7.1,Ontario,2021A000235,166852,"Total, industries and households",Kilotonnes,198,v1013973927,2016
7.1,Ontario,2021A000235,168126,"Total, industries and households",Kilotonnes,198,v1013973927,2015
7.1,Ontario,2021A000235,169315,"Total, industries and households",Kilotonnes,198,v1013973927,2014
7.1,Ontario,2021A000235,169565,"Total, industries and households",Kilotonnes,198,v1013973927,2018
7.1,Ontario,2021A000235,170166,"Total, industries and households",Kilotonnes,198,v1013973927,2019
7.1,Ontario,2021A000235,172340,"Total, industries and households",Kilotonnes,198,v1013973927,2013
7.115,Ontario,2021A000235,40907,"Total, households",Kilotonnes,198,v1013974039,2021
7.115,Ontario,2021A000235,41140,"Total, households",Kilotonnes,198,v1013974039,2020
7.115,Ontario,2021A000235,42208,"Total, households",Kilotonnes,198,v1013974039,2023
7.115,Ontario,2021A000235,43068,"Total, households",Kilotonnes,198,v1013974039,2022
7.115,Ontario,2021A000235,47532,"Total, households",Kilotonnes,198,v1013974039,2016
7.115,Ontario,2021A000235,48433,"Total, households",Kilotonnes,198,v1013974039,2017
7.115,Ontario,2021A000235,49568,"Total, households",Kilotonnes,198,v1013974039,2015
7.115,Ontario,2021A000235,49660,"Total, households",Kilotonnes,198,v1013974039,2014
7.115,Ontario,2021A000235,50131,"Total, households",Kilotonnes,198,v1013974039,2018
7.115,Ontario,2021A000235,50759,"Total, households",Kilotonnes,198,v1013974039,2013
7.115,Ontario,2021A000235,51352,"Total, households",Kilotonnes,198,v1013974039,2019
7.118,Ontario,2021A000235,148752,"Total, United Nations Framework Convention on Climate Change (UNFCCC), Canada's submission",Kilotonnes,198,v1013974042,2020
7.118,Ontario,2021A000235,151580,"Total, United Nations Framework Convention on Climate Change (UNFCCC), Canada's submission",Kilotonnes,198,v1013974042,2021
7.118,Ontario,2021A000235,157558,"Total, United Nations Framework Convention on Climate Change (UNFCCC), Canada's submission",Kilotonnes,198,v1013974042,2022
7.118,Ontario,2021A000235,157929,"Total, United Nations Framework Convention on Climate Change (UNFCCC), Canada's submission",Kilotonnes,198,v1013974042,2017
7.118,Ontario,2021A000235,158728,"Total, United Nations Framework Convention on Climate Change (UNFCCC), Canada's submission",Kilotonnes,198,v1013974042,2023
7.118,Ontario,2021A000235,163112,"Total, United Nations Framework Convention on Climate Change (UNFCCC), Canada's submission",Kilotonnes,198,v1013974042,2016
7.118,Ontario,2021A000235,163265,"Total, United Nations Framework Convention on Climate Change (UNFCCC), Canada's submission",Kilotonnes,198,v1013974042,2015
7.118,Ontario,2021A000235,163630,"Total, United Nations Framework Convention on Climate Change (UNFCCC), Canada's submission",Kilotonnes,198,v1013974042,2018
7.118,Ontario,2021A000235,164390,"Total, United Nations Framework Convention on Climate Change (UNFCCC), Canada's submission",Kilotonnes,198,v1013974042,2014
7.118,Ontario,2021A000235,164943,"Total, United Nations Framework Convention on Climate Change (UNFCCC), Canada's submission",Kilotonnes,198,v1013974042,2019
7.118,Ontario,2021A000235,168060,"Total, United Nations Framework Convention on Climate Change (UNFCCC), Canada's submission",Kilotonnes,198,v1013974042,2013
7.119,Ontario,2021A000235,-6571,"Total, Reconciliation with Canada's submission to the United Nations Framework Convention on Climate Change (UNFCCC)",Kilotonnes,198,v1013974043,2017
7.119,Ontario,2021A000235,-5934,"Total, Reconciliation with Canada's submission to the United Nations Framework Convention on Climate Change (UNFCCC)",Kilotonnes,198,v1013974043,2018
7.119,Ontario,2021A000235,-5223,"Total, Reconciliation with Canada's submission to the United Nations Framework Convention on Climate Change (UNFCCC)",Kilotonnes,198,v1013974043,2019
7.119,Ontario,2021A000235,-4925,"Total, Reconciliation with Canada's submission to the United Nations Framework Convention on Climate Change (UNFCCC)",Kilotonnes,198,v1013974043,2014
7.119,Ontario,2021A000235,-4861,"Total, Reconciliation with Canada's submission to the United Nations Framework Convention on Climate Change (UNFCCC)",Kilotonnes,198,v1013974043,2015
7.119,Ontario,2021A000235,-4280,"Total, Reconciliation with Canada's submission to the United Nations Framework Convention on Climate Change (UNFCCC)",Kilotonnes,198,v1013974043,2013
7.119,Ontario,2021A000235,-3740,"Total, Reconciliation with Canada's submission to the United Nations Framework Convention on Climate Change (UNFCCC)",Kilotonnes,198,v1013974043,2016
7.119,Ontario,2021A000235,-1943,"Total, Reconciliation with Canada's submission to the United Nations Framework Convention on Climate Change (UNFCCC)",Kilotonnes,198,v1013974043,2023
7.119,Ontario,2021A000235,-1421,"Total, Reconciliation with Canada's submission to the United Nations Framework Convention on Climate Change (UNFCCC)",Kilotonnes,198,v1013974043,2022
7.119,Ontario,2021A000235,909,"Total, Reconciliation with Canada's submission to the United Nations Framework Convention on Climate Change (UNFCCC)",Kilotonnes,198,v1013974043,2021
7.119,Ontario,2021A000235,1371,"Total, Reconciliation with Canada's submission to the United Nations Framework Convention on Climate Change (UNFCCC)",Kilotonnes,198,v1013974043,2020
7.2,Ontario,2021A000235,106240,"Total, industries",Kilotonnes,198,v1013973928,2020
7.2,Ontario,2021A000235,109763,"Total, industries",Kilotonnes,198,v1013973928,2021
7.2,Ontario,2021A000235,115910,"Total, industries",Kilotonnes,198,v1013973928,2022
7.2,Ontario,2021A000235,116066,"Total, industries",Kilotonnes,198,v1013973928,2017
7.2,Ontario,2021A000235,118464,"Total, industries",Kilotonnes,198,v1013973928,2023
7.2,Ontario,2021A000235,118558,"Total, industries",Kilotonnes,198,v1013973928,2015
7.2,Ontario,2021A000235,118814,"Total, industries",Kilotonnes,198,v1013973928,2019
7.2,Ontario,2021A000235,119319,"Total, industries",Kilotonnes,198,v1013973928,2016
7.2,Ontario,2021A000235,119433,"Total, industries",Kilotonnes,198,v1013973928,2018
7.2,Ontario,2021A000235,119655,"Total, industries",Kilotonnes,198,v1013973928,2014
7.2,Ontario,2021A000235,121581,"Total, industries",Kilotonnes,198,v1013973928,2013
8.1,Manitoba,2021A000246,20060,"Total, industries and households",Kilotonnes,198,v1013974052,2021
8.1,Manitoba,2021A000246,20567,"Total, industries and households",Kilotonnes,198,v1013974052,2020
8.1,Manitoba,2021A000246,20578,"Total, industries and households",Kilotonnes,198,v1013974052,2023
8.1,Manitoba,2021A000246,20725,"Total, industries and households",Kilotonnes,198,v1013974052,2015
8.1,Manitoba,2021A000246,21021,"Total, industries and households",Kilotonnes,198,v1013974052,2013
8.1,Manitoba,2021A000246,21084,"Total, industries and households",Kilotonnes,198,v1013974052,2022
8.1,Manitoba,2021A000246,21163,"Total, industries and households",Kilotonnes,198,v1013974052,2016
8.1,Manitoba,2021A000246,21194,"Total, industries and households",Kilotonnes,198,v1013974052,2014
8.1,Manitoba,2021A000246,21542,"Total, industries and households",Kilotonnes,198,v1013974052,2017
8.1,Manitoba,2021A000246,22213,"Total, industries and households",Kilotonnes,198,v1013974052,2019
8.1,Manitoba,2021A000246,22431,"Total, industries and households",Kilotonnes,198,v1013974052,2018
8.115,Manitoba,2021A000246,3926,"Total, households",Kilotonnes,198,v1013974164,2021
8.115,Manitoba,2021A000246,3986,"Total, households",Kilotonnes,198,v1013974164,2020
8.115,Manitoba,2021A000246,4030,"Total, households",Kilotonnes,198,v1013974164,2015
8.115,Manitoba,2021A000246,4096,"Total, households",Kilotonnes,198,v1013974164,2023
8.115,Manitoba,2021A000246,4155,"Total, households",Kilotonnes,198,v1013974164,2016
8.115,Manitoba,2021A000246,4175,"Total, households",Kilotonnes,198,v1013974164,2017
8.115,Manitoba,2021A000246,4180,"Total, households",Kilotonnes,198,v1013974164,2022
8.115,Manitoba,2021A000246,4429,"Total, households",Kilotonnes,198,v1013974164,2013
8.115,Manitoba,2021A000246,4446,"Total, households",Kilotonnes,198,v1013974164,2014
8.115,Manitoba,2021A000246,4618,"Total, households",Kilotonnes,198,v1013974164,2018
8.115,Manitoba,2021A000246,4639,"Total, households",Kilotonnes,198,v1013974164,2019
8.118,Manitoba,2021A000246,20680,"Total, United Nations Framework Convention on Climate Change (UNFCCC), Canada's submission",Kilotonnes,198,v1013974167,2021
8.118,Manitoba,2021A000246,20879,"Total, United Nations Framework Convention on Climate Change (UNFCCC), Canada's submission",Kilotonnes,198,v1013974167,2015
8.118,Manitoba,2021A000246,21152,"Total, United Nations Framework Convention on Climate Change (UNFCCC), Canada's submission",Kilotonnes,198,v1013974167,2020
8.118,Manitoba,2021A000246,21184,"Total, United Nations Framework Convention on Climate Change (UNFCCC), Canada's submission",Kilotonnes,198,v1013974167,2016
8.118,Manitoba,2021A000246,21195,"Total, United Nations Framework Convention on Climate Change (UNFCCC), Canada's submission",Kilotonnes,198,v1013974167,2014
8.118,Manitoba,2021A000246,21242,"Total, United Nations Framework Convention on Climate Change (UNFCCC), Canada's submission",Kilotonnes,198,v1013974167,2013
8.118,Manitoba,2021A000246,21279,"Total, United Nations Framework Convention on Climate Change (UNFCCC), Canada's submission",Kilotonnes,198,v1013974167,2023
8.118,Manitoba,2021A000246,21650,"Total, United Nations Framework Convention on Climate Change (UNFCCC), Canada's submission",Kilotonnes,198,v1013974167,2017
8.118,Manitoba,2021A000246,21736,"Total, United Nations Framework Convention on Climate Change (UNFCCC), Canada's submission",Kilotonnes,198,v1013974167,2022
8.118,Manitoba,2021A000246,22218,"Total, United Nations Framework Convention on Climate Change (UNFCCC), Canada's submission",Kilotonnes,198,v1013974167,2019
8.118,Manitoba,2021A000246,22448,"Total, United Nations Framework Convention on Climate Change (UNFCCC), Canada's submission",Kilotonnes,198,v1013974167,2018
8.119,Manitoba,2021A000246,1,"Total, Reconciliation with Canada's submission to the United Nations Framework Convention on Climate Change (UNFCCC)",Kilotonnes,198,v1013974168,2014
8.119,Manitoba,2021A000246,5,"Total, Reconciliation with Canada's submission to the United Nations Framework Convention on Climate Change (UNFCCC)",Kilotonnes,198,v1013974168,2019
8.119,Manitoba,2021A000246,16,"Total, Reconciliation with Canada's submission to the United Nations Framework Convention on Climate Change (UNFCCC)",Kilotonnes,198,v1013974168,2018
8.119,Manitoba,2021A000246,21,"Total, Reconciliation with Canada's submission to the United Nations Framework Convention on Climate Change (UNFCCC)",Kilotonnes,198,v1013974168,2016
8.119,Manitoba,2021A000246,108,"Total, Reconciliation with Canada's submission to the United Nations Framework Convention on Climate Change (UNFCCC)",Kilotonnes,198,v1013974168,2017
8.119,Manitoba,2021A000246,154,"Total, Reconciliation with Canada's submission to the United Nations Framework Convention on Climate Change (UNFCCC)",Kilotonnes,198,v1013974168,2015
8.119,Manitoba,2021A000246,221,"Total, Reconciliation with Canada's submission to the United Nations Framework Convention on Climate Change (UNFCCC)",Kilotonnes,198,v1013974168,2013
8.119,Manitoba,2021A000246,585,"Total, Reconciliation with Canada's submission to the United Nations Framework Convention on Climate Change (UNFCCC)",Kilotonnes,198,v1013974168,2020
8.119,Manitoba,2021A000246,620,"Total, Reconciliation with Canada's submission to the United Nations Framework Convention on Climate Change (UNFCCC)",Kilotonnes,198,v1013974168,2021
8.119,Manitoba,2021A000246,652,"Total, Reconciliation with Canada's submission to the United Nations Framework Convention on Climate Change (UNFCCC)",Kilotonnes,198,v1013974168,2022
8.119,Manitoba,2021A000246,700,"Total, Reconciliation with Canada's submission to the United Nations Framework Convention on Climate Change (UNFCCC)",Kilotonnes,198,v1013974168,2023
8.2,Manitoba,2021A000246,16134,"Total, industries",Kilotonnes,198,v1013974053,2021
8.2,Manitoba,2021A000246,16482,"Total, industries",Kilotonnes,198,v1013974053,2023
8.2,Manitoba,2021A000246,16581,"Total, industries",Kilotonnes,198,v1013974053,2020
8.2,Manitoba,2021A000246,16592,"Total, industries",Kilotonnes,198,v1013974053,2013
8.2,Manitoba,2021A000246,16695,"Total, industries",Kilotonnes,198,v1013974053,2015
8.2,Manitoba,2021A000246,16748,"Total, industries",Kilotonnes,198,v1013974053,2014
8.2,Manitoba,2021A000246,16904,"Total, industries",Kilotonnes,198,v1013974053,2022
8.2,Manitoba,2021A000246,17008,"Total, industries",Kilotonnes,198,v1013974053,2016
8.2,Manitoba,2021A000246,17367,"Total, industries",Kilotonnes,198,v1013974053,2017
8.2,Manitoba,2021A000246,17574,"Total, industries",Kilotonnes,198,v1013974053,2019
8.2,Manitoba,2021A000246,17813,"Total, industries",Kilotonnes,198,v1013974053,2018
9.1,Saskatchewan,2021A000247,75320,"Total, industries and households",Kilotonnes,198,v1013974177,2023
9.1,Saskatchewan,2021A000247,75997,"Total, industries and households",Kilotonnes,198,v1013974177,2020
9.1,Saskatchewan,2021A000247,76516,"Total, industries and households",Kilotonnes,198,v1013974177,2022
9.1,Saskatchewan,2021A000247,77988,"Total, industries and households",Kilotonnes,198,v1013974177,2021
9.1,Saskatchewan,2021A000247,83177,"Total, industries and households",Kilotonnes,198,v1013974177,2016
9.1,Saskatchewan,2021A000247,84468,"Total, industries and households",Kilotonnes,198,v1013974177,2013
9.1,Saskatchewan,2021A000247,87028,"Total, industries and households",Kilotonnes,198,v1013974177,2019
9.1,Saskatchewan,2021A000247,87355,"Total, industries and households",Kilotonnes,198,v1013974177,2014
9.1,Saskatchewan,2021A000247,88578,"Total, industries and households",Kilotonnes,198,v1013974177,2015
9.1,Saskatchewan,2021A000247,88615,"Total, industries and households",Kilotonnes,198,v1013974177,2017
9.1,Saskatchewan,2021A000247,90057,"Total, industries and households",Kilotonnes,198,v1013974177,2018
9.115,Saskatchewan,2021A000247,5007,"Total, households",Kilotonnes,198,v1013974289,2023
9.115,Saskatchewan,2021A000247,5388,"Total, households",Kilotonnes,198,v1013974289,2021
9.115,Saskatchewan,2021A000247,5435,"Total, households",Kilotonnes,198,v1013974289,2022
9.115,Saskatchewan,2021A000247,5670,"Total, households",Kilotonnes,198,v1013974289,2020
9.115,Saskatchewan,2021A000247,6062,"Total, households",Kilotonnes,198,v1013974289,2016
9.115,Saskatchewan,2021A000247,6067,"Total, households",Kilotonnes,198,v1013974289,2015
9.115,Saskatchewan,2021A000247,6101,"Total, households",Kilotonnes,198,v1013974289,2014
9.115,Saskatchewan,2021A000247,6315,"Total, households",Kilotonnes,198,v1013974289,2017
9.115,Saskatchewan,2021A000247,6465,"Total, households",Kilotonnes,198,v1013974289,2018
9.115,Saskatchewan,2021A000247,6481,"Total, households",Kilotonnes,198,v1013974289,2013
9.115,Saskatchewan,2021A000247,6569,"Total, households",Kilotonnes,198,v1013974289,2019
9.118,Saskatchewan,2021A000247,73913,"Total, United Nations Framework Convention on Climate Change (UNFCCC), Canada's submission",Kilotonnes,198,v1013974292,2023
9.118,Saskatchewan,2021A000247,74590,"Total, United Nations Framework Convention on Climate Change (UNFCCC), Canada's submission",Kilotonnes,198,v1013974292,2020
9.118,Saskatchewan,2021A000247,75231,"Total, United Nations Framework Convention on Climate Change (UNFCCC), Canada's submission",Kilotonnes,198,v1013974292,2022
9.118,Saskatchewan,2021A000247,76410,"Total, United Nations Framework Convention on Climate Change (UNFCCC), Canada's submission",Kilotonnes,198,v1013974292,2021
9.118,Saskatchewan,2021A000247,82246,"Total, United Nations Framework Convention on Climate Change (UNFCCC), Canada's submission",Kilotonnes,198,v1013974292,2016
9.118,Saskatchewan,2021A000247,83194,"Total, United Nations Framework Convention on Climate Change (UNFCCC), Canada's submission",Kilotonnes,198,v1013974292,2013
9.118,Saskatchewan,2021A000247,86172,"Total, United Nations Framework Convention on Climate Change (UNFCCC), Canada's submission",Kilotonnes,198,v1013974292,2019
9.118,Saskatchewan,2021A000247,86268,"Total, United Nations Framework Convention on Climate Change (UNFCCC), Canada's submission",Kilotonnes,198,v1013974292,2014
9.118,Saskatchewan,2021A000247,87151,"Total, United Nations Framework Convention on Climate Change (UNFCCC), Canada's submission",Kilotonnes,198,v1013974292,2017
9.118,Saskatchewan,2021A000247,87389,"Total, United Nations Framework Convention on Climate Change (UNFCCC), Canada's submission",Kilotonnes,198,v1013974292,2015
9.118,Saskatchewan,2021A000247,88609,"Total, United Nations Framework Convention on Climate Change (UNFCCC), Canada's submission",Kilotonnes,198,v1013974292,2018
9.119,Saskatchewan,2021A000247,-1578,"Total, Reconciliation with Canada's submission to the United Nations Framework Convention on Climate Change (UNFCCC)",Kilotonnes,198,v1013974293,2021
9.119,Saskatchewan,2021A000247,-1464,"Total, Reconciliation with Canada's submission to the United Nations Framework Convention on Climate Change (UNFCCC)",Kilotonnes,198,v1013974293,2017
9.119,Saskatchewan,2021A000247,-1448,"Total, Reconciliation with Canada's submission to the United Nations Framework Convention on Climate Change (UNFCCC)",Kilotonnes,198,v1013974293,2018
9.119,Saskatchewan,2021A000247,-1407,"Total, Reconciliation with Canada's submission to the United Nations Framework Convention on Climate Change (UNFCCC)",Kilotonnes,198,v1013974293,2020
9.119,Saskatchewan,2021A000247,-1407,"Total, Reconciliation with Canada's submission to the United Nations Framework Convention on Climate Change (UNFCCC)",Kilotonnes,198,v1013974293,2023
9.119,Saskatchewan,2021A000247,-1285,"Total, Reconciliation with Canada's submission to the United Nations Framework Convention on Climate Change (UNFCCC)",Kilotonnes,198,v1013974293,2022
9.119,Saskatchewan,2021A000247,-1274,"Total, Reconciliation with Canada's submission to the United Nations Framework Convention on Climate Change (UNFCCC)",Kilotonnes,198,v1013974293,2013
9.119,Saskatchewan,2021A000247,-1189,"Total, Reconciliation with Canada's submission to the United Nations Framework Convention on Climate Change (UNFCCC)",Kilotonnes,198,v1013974293,2015
9.119,Saskatchewan,2021A000247,-1087,"Total, Reconciliation with Canada's submission to the United Nations Framework Convention on Climate Change (UNFCCC)",Kilotonnes,198,v1013974293,2014
9.119,Saskatchewan,2021A000247,-931,"Total, Reconciliation with Canada's submission to the United Nations Framework Convention on Climate Change (UNFCCC)",Kilotonnes,198,v1013974293,2016
9.119,Saskatchewan,2021A000247,-856,"Total, Reconciliation with Canada's submission to the United Nations Framework Convention on Climate Change (UNFCCC)",Kilotonnes,198,v1013974293,2019
9.2,Saskatchewan,2021A000247,70313,"Total, industries",Kilotonnes,198,v1013974178,2023
9.2,Saskatchewan,2021A000247,70327,"Total, industries",Kilotonnes,198,v1013974178,2020
9.2,Saskatchewan,2021A000247,71081,"Total, industries",Kilotonnes,198,v1013974178,2022
9.2,Saskatchewan,2021A000247,72600,"Total, industries",Kilotonnes,198,v1013974178,2021
9.2,Saskatchewan,2021A000247,77116,"Total, industries",Kilotonnes,198,v1013974178,2016
9.2,Saskatchewan,2021A000247,77987,"Total, industries",Kilotonnes,198,v1013974178,2013
9.2,Saskatchewan,2021A000247,80459,"Total, industries",Kilotonnes,198,v1013974178,2019
9.2,Saskatchewan,2021A000247,81254,"Total, industries",Kilotonnes,198,v1013974178,2014
9.2,Saskatchewan,2021A000247,82300,"Total, industries",Kilotonnes,198,v1013974178,2017
9.2,Saskatchewan,2021A000247,82510,"Total, industries",Kilotonnes,198,v1013974178,2015
9.2,Saskatchewan,2021A000247,83592,"Total, industries",Kilotonnes,198,v1013974178,2018
10.1,Alberta,2021A000248,271006,"Total, industries and households",Kilotonnes,198,v1013974302,2020
10.1,Alberta,2021A000248,271415,"Total, industries and households",Kilotonnes,198,v1013974302,2023
10.1,Alberta,2021A000248,273636,"Total, industries and households",Kilotonnes,198,v1013974302,2022
10.1,Alberta,2021A000248,275547,"Total, industries and households",Kilotonnes,198,v1013974302,2021
10.1,Alberta,2021A000248,278406,"Total, industries and households",Kilotonnes,198,v1013974302,2016
10.1,Alberta,2021A000248,291330,"Total, industries and households",Kilotonnes,198,v1013974302,2017
10.1,Alberta,2021A000248,291567,"Total, industries and households",Kilotonnes,198,v1013974302,2018
10.1,Alberta,2021A000248,292346,"Total, industries and households",Kilotonnes,198,v1013974302,2019
10.1,Alberta,2021A000248,295870,"Total, industries and households",Kilotonnes,198,v1013974302,2015
10.1,Alberta,2021A000248,300770,"Total, industries and households",Kilotonnes,198,v1013974302,2013
10.1,Alberta,2021A000248,303757,"Total, industries and households",Kilotonnes,198,v1013974302,2014
10.115,Alberta,2021A000248,16776,"Total, households",Kilotonnes,198,v1013974414,2023
10.115,Alberta,2021A000248,16904,"Total, households",Kilotonnes,198,v1013974414,2021
10.115,Alberta,2021A000248,17296,"Total, households",Kilotonnes,198,v1013974414,2022
10.115,Alberta,2021A000248,17700,"Total, households",Kilotonnes,198,v1013974414,2020
10.115,Alberta,2021A000248,18701,"Total, households",Kilotonnes,198,v1013974414,2015
10.115,Alberta,2021A000248,18910,"Total, households",Kilotonnes,198,v1013974414,2016
10.115,Alberta,2021A000248,19764,"Total, households",Kilotonnes,198,v1013974414,2017
10.115,Alberta,2021A000248,19843,"Total, households",Kilotonnes,198,v1013974414,2013
10.115,Alberta,2021A000248,19976,"Total, households",Kilotonnes,198,v1013974414,2014
10.115,Alberta,2021A000248,20479,"Total, households",Kilotonnes,198,v1013974414,2018
10.115,Alberta,2021A000248,20496,"Total, households",Kilotonnes,198,v1013974414,2019
10.118,Alberta,2021A000248,263376,"Total, United Nations Framework Convention on Climate Change (UNFCCC), Canada's submission",Kilotonnes,198,v1013974417,2023
10.118,Alberta,2021A000248,265467,"Total, United Nations Framework Convention on Climate Change (UNFCCC), Canada's submission",Kilotonnes,198,v1013974417,2022
10.118,Alberta,2021A000248,266044,"Total, United Nations Framework Convention on Climate Change (UNFCCC), Canada's submission",Kilotonnes,198,v1013974417,2020
10.118,Alberta,2021A000248,268489,"Total, United Nations Framework Convention on Climate Change (UNFCCC), Canada's submission",Kilotonnes,198,v1013974417,2021
10.118,Alberta,2021A000248,274452,"Total, United Nations Framework Convention on Climate Change (UNFCCC), Canada's submission",Kilotonnes,198,v1013974417,2016
10.118,Alberta,2021A000248,282886,"Total, United Nations Framework Convention on Climate Change (UNFCCC), Canada's submission",Kilotonnes,198,v1013974417,2018
10.118,Alberta,2021A000248,284376,"Total, United Nations Framework Convention on Climate Change (UNFCCC), Canada's submission",Kilotonnes,198,v1013974417,2017
10.118,Alberta,2021A000248,284600,"Total, United Nations Framework Convention on Climate Change (UNFCCC), Canada's submission",Kilotonnes,198,v1013974417,2019
10.118,Alberta,2021A000248,288518,"Total, United Nations Framework Convention on Climate Change (UNFCCC), Canada's submission",Kilotonnes,198,v1013974417,2015
10.118,Alberta,2021A000248,291477,"Total, United Nations Framework Convention on Climate Change (UNFCCC), Canada's submission",Kilotonnes,198,v1013974417,2013
10.118,Alberta,2021A000248,293637,"Total, United Nations Framework Convention on Climate Change (UNFCCC), Canada's submission",Kilotonnes,198,v1013974417,2014
10.119,Alberta,2021A000248,-10120,"Total, Reconciliation with Canada's submission to the United Nations Framework Convention on Climate Change (UNFCCC)",Kilotonnes,198,v1013974418,2014
10.119,Alberta,2021A000248,-9294,"Total, Reconciliation with Canada's submission to the United Nations Framework Convention on Climate Change (UNFCCC)",Kilotonnes,198,v1013974418,2013
10.119,Alberta,2021A000248,-8681,"Total, Reconciliation with Canada's submission to the United Nations Framework Convention on Climate Change (UNFCCC)",Kilotonnes,198,v1013974418,2018
10.119,Alberta,2021A000248,-8169,"Total, Reconciliation with Canada's submission to the United Nations Framework Convention on Climate Change (UNFCCC)",Kilotonnes,198,v1013974418,2022
10.119,Alberta,2021A000248,-8039,"Total, Reconciliation with Canada's submission to the United Nations Framework Convention on Climate Change (UNFCCC)",Kilotonnes,198,v1013974418,2023
10.119,Alberta,2021A000248,-7746,"Total, Reconciliation with Canada's submission to the United Nations Framework Convention on Climate Change (UNFCCC)",Kilotonnes,198,v1013974418,2019
10.119,Alberta,2021A000248,-7351,"Total, Reconciliation with Canada's submission to the United Nations Framework Convention on Climate Change (UNFCCC)",Kilotonnes,198,v1013974418,2015
10.119,Alberta,2021A000248,-7059,"Total, Reconciliation with Canada's submission to the United Nations Framework Convention on Climate Change (UNFCCC)",Kilotonnes,198,v1013974418,2021
10.119,Alberta,2021A000248,-6954,"Total, Reconciliation with Canada's submission to the United Nations Framework Convention on Climate Change (UNFCCC)",Kilotonnes,198,v1013974418,2017
10.119,Alberta,2021A000248,-4962,"Total, Reconciliation with Canada's submission to the United Nations Framework Convention on Climate Change (UNFCCC)",Kilotonnes,198,v1013974418,2020
10.119,Alberta,2021A000248,-3954,"Total, Reconciliation with Canada's submission to the United Nations Framework Convention on Climate Change (UNFCCC)",Kilotonnes,198,v1013974418,2016
10.2,Alberta,2021A000248,253305,"Total, industries",Kilotonnes,198,v1013974303,2020
10.2,Alberta,2021A000248,254639,"Total, industries",Kilotonnes,198,v1013974303,2023
10.2,Alberta,2021A000248,256340,"Total, industries",Kilotonnes,198,v1013974303,2022
10.2,Alberta,2021A000248,258644,"Total, industries",Kilotonnes,198,v1013974303,2021
10.2,Alberta,2021A000248,259496,"Total, industries",Kilotonnes,198,v1013974303,2016
10.2,Alberta,2021A000248,271089,"Total, industries",Kilotonnes,198,v1013974303,2018
10.2,Alberta,2021A000248,271566,"Total, industries",Kilotonnes,198,v1013974303,2017
10.2,Alberta,2021A000248,271850,"Total, industries",Kilotonnes,198,v1013974303,2019
10.2,Alberta,2021A000248,277169,"Total, industries",Kilotonnes,198,v1013974303,2015
10.2,Alberta,2021A000248,280927,"Total, industries",Kilotonnes,198,v1013974303,2013
10.2,Alberta,2021A000248,283780,"Total, industries",Kilotonnes,198,v1013974303,2014
11.1,British Columbia,2021A000259,73431,"Total, industries and households",Kilotonnes,198,v1013974427,2020
11.1,British Columbia,2021A000259,73462,"Total, industries and households",Kilotonnes,198,v1013974427,2023
11.1,British Columbia,2021A000259,76149,"Total, industries and households",Kilotonnes,198,v1013974427,2021
11.1,British Columbia,2021A000259,76511,"Total, industries and households",Kilotonnes,198,v1013974427,2022
11.1,British Columbia,2021A000259,81896,"Total, industries and households",Kilotonnes,198,v1013974427,2013
11.1,British Columbia,2021A000259,82415,"Total, industries and households",Kilotonnes,198,v1013974427,2019
11.1,British Columbia,2021A000259,82434,"Total, industries and households",Kilotonnes,198,v1013974427,2014
11.1,British Columbia,2021A000259,82596,"Total, industries and households",Kilotonnes,198,v1013974427,2016
11.1,British Columbia,2021A000259,82906,"Total, industries and households",Kilotonnes,198,v1013974427,2015
11.1,British Columbia,2021A000259,83508,"Total, industries and households",Kilotonnes,198,v1013974427,2017
11.1,British Columbia,2021A000259,84269,"Total, industries and households",Kilotonnes,198,v1013974427,2018
11.115,British Columbia,2021A000259,12591,"Total, households",Kilotonnes,198,v1013974539,2023
11.115,British Columbia,2021A000259,12884,"Total, households",Kilotonnes,198,v1013974539,2014
11.115,British Columbia,2021A000259,12915,"Total, households",Kilotonnes,198,v1013974539,2020
11.115,British Columbia,2021A000259,13048,"Total, households",Kilotonnes,198,v1013974539,2021
11.115,British Columbia,2021A000259,13078,"Total, households",Kilotonnes,198,v1013974539,2015
11.115,British Columbia,2021A000259,13102,"Total, households",Kilotonnes,198,v1013974539,2013
11.115,British Columbia,2021A000259,13260,"Total, households",Kilotonnes,198,v1013974539,2022
11.115,British Columbia,2021A000259,13749,"Total, households",Kilotonnes,198,v1013974539,2016
11.115,British Columbia,2021A000259,14382,"Total, households",Kilotonnes,198,v1013974539,2019
11.115,British Columbia,2021A000259,14393,"Total, households",Kilotonnes,198,v1013974539,2018
11.115,British Columbia,2021A000259,14509,"Total, households",Kilotonnes,198,v1013974539,2017
11.118,British Columbia,2021A000259,59086,"Total, United Nations Framework Convention on Climate Change (UNFCCC), Canada's submission",Kilotonnes,198,v1013974542,2020
11.118,British Columbia,2021A000259,59725,"Total, United Nations Framework Convention on Climate Change (UNFCCC), Canada's submission",Kilotonnes,198,v1013974542,2015
11.118,British Columbia,2021A000259,60407,"Total, United Nations Framework Convention on Climate Change (UNFCCC), Canada's submission",Kilotonnes,198,v1013974542,2014
11.118,British Columbia,2021A000259,60418,"Total, United Nations Framework Convention on Climate Change (UNFCCC), Canada's submission",Kilotonnes,198,v1013974542,2023
11.118,British Columbia,2021A000259,60588,"Total, United Nations Framework Convention on Climate Change (UNFCCC), Canada's submission",Kilotonnes,198,v1013974542,2021
11.118,British Columbia,2021A000259,60858,"Total, United Nations Framework Convention on Climate Change (UNFCCC), Canada's submission",Kilotonnes,198,v1013974542,2013
11.118,British Columbia,2021A000259,61537,"Total, United Nations Framework Convention on Climate Change (UNFCCC), Canada's submission",Kilotonnes,198,v1013974542,2022
11.118,British Columbia,2021A000259,61608,"Total, United Nations Framework Convention on Climate Change (UNFCCC), Canada's submission",Kilotonnes,198,v1013974542,2016
11.118,British Columbia,2021A000259,62552,"Total, United Nations Framework Convention on Climate Change (UNFCCC), Canada's submission",Kilotonnes,198,v1013974542,2017
11.118,British Columbia,2021A000259,63289,"Total, United Nations Framework Convention on Climate Change (UNFCCC), Canada's submission",Kilotonnes,198,v1013974542,2019
11.118,British Columbia,2021A000259,64503,"Total, United Nations Framework Convention on Climate Change (UNFCCC), Canada's submission",Kilotonnes,198,v1013974542,2018
11.119,British Columbia,2021A000259,-23181,"Total, Reconciliation with Canada's submission to the United Nations Framework Convention on Climate Change (UNFCCC)",Kilotonnes,198,v1013974543,2015
11.119,British Columbia,2021A000259,-22027,"Total, Reconciliation with Canada's submission to the United Nations Framework Convention on Climate Change (UNFCCC)",Kilotonnes,198,v1013974543,2014
11.119,British Columbia,2021A000259,-21037,"Total, Reconciliation with Canada's submission to the United Nations Framework Convention on Climate Change (UNFCCC)",Kilotonnes,198,v1013974543,2013
11.119,British Columbia,2021A000259,-20988,"Total, Reconciliation with Canada's submission to the United Nations Framework Convention on Climate Change (UNFCCC)",Kilotonnes,198,v1013974543,2016
11.119,British Columbia,2021A000259,-20956,"Total, Reconciliation with Canada's submission to the United Nations Framework Convention on Climate Change (UNFCCC)",Kilotonnes,198,v1013974543,2017
11.119,British Columbia,2021A000259,-19766,"Total, Reconciliation with Canada's submission to the United Nations Framework Convention on Climate Change (UNFCCC)",Kilotonnes,198,v1013974543,2018
11.119,British Columbia,2021A000259,-19126,"Total, Reconciliation with Canada's submission to the United Nations Framework Convention on Climate Change (UNFCCC)",Kilotonnes,198,v1013974543,2019
11.119,British Columbia,2021A000259,-15561,"Total, Reconciliation with Canada's submission to the United Nations Framework Convention on Climate Change (UNFCCC)",Kilotonnes,198,v1013974543,2021
11.119,British Columbia,2021A000259,-14975,"Total, Reconciliation with Canada's submission to the United Nations Framework Convention on Climate Change (UNFCCC)",Kilotonnes,198,v1013974543,2022
11.119,British Columbia,2021A000259,-14345,"Total, Reconciliation with Canada's submission to the United Nations Framework Convention on Climate Change (UNFCCC)",Kilotonnes,198,v1013974543,2020
11.119,British Columbia,2021A000259,-13044,"Total, Reconciliation with Canada's submission to the United Nations Framework Convention on Climate Change (UNFCCC)",Kilotonnes,198,v1013974543,2023
11.2,British Columbia,2021A000259,60516,"Total, industries",Kilotonnes,198,v1013974428,2020
11.2,British Columbia,2021A000259,60871,"Total, industries",Kilotonnes,198,v1013974428,2023
11.2,British Columbia,2021A000259,63101,"Total, industries",Kilotonnes,198,v1013974428,2021
11.2,British Columbia,2021A000259,63252,"Total, industries",Kilotonnes,198,v1013974428,2022
11.2,British Columbia,2021A000259,68033,"Total, industries",Kilotonnes,198,v1013974428,2019
11.2,British Columbia,2021A000259,68794,"Total, industries",Kilotonnes,198,v1013974428,2013
11.2,British Columbia,2021A000259,68847,"Total, industries",Kilotonnes,198,v1013974428,2016
11.2,British Columbia,2021A000259,68999,"Total, industries",Kilotonnes,198,v1013974428,2017
11.2,British Columbia,2021A000259,69550,"Total, industries",Kilotonnes,198,v1013974428,2014
11.2,British Columbia,2021A000259,69828,"Total, industries",Kilotonnes,198,v1013974428,2015
11.2,British Columbia,2021A000259,69875,"Total, industries",Kilotonnes,198,v1013974428,2018
12.1,Yukon,2021A000260,484,"Total, industries and households",Kilotonnes,198,v1013974552,2014
12.1,Yukon,2021A000260,517,"Total, industries and households",Kilotonnes,198,v1013974552,2015
12.1,Yukon,2021A000260,518,"Total, industries and households",Kilotonnes,198,v1013974552,2016
12.1,Yukon,2021A000260,549,"Total, industries and households",Kilotonnes,198,v1013974552,2017
12.1,Yukon,2021A000260,565,"Total, industries and households",Kilotonnes,198,v1013974552,2020
12.1,Yukon,2021A000260,610,"Total, industries and households",Kilotonnes,198,v1013974552,2022
12.1,Yukon,2021A000260,616,"Total, industries and households",Kilotonnes,198,v1013974552,2018
12.1,Yukon,2021A000260,627,"Total, industries and households",Kilotonnes,198,v1013974552,2013
12.1,Yukon,2021A000260,627,"Total, industries and households",Kilotonnes,198,v1013974552,2021
12.1,Yukon,2021A000260,629,"Total, industries and households",Kilotonnes,198,v1013974552,2023
12.1,Yukon,2021A000260,658,"Total, industries and households",Kilotonnes,198,v1013974552,2019
12.115,Yukon,2021A000260,91,"Total, households",Kilotonnes,198,v1013974664,2021
12.115,Yukon,2021A000260,103,"Total, households",Kilotonnes,198,v1013974664,2022
12.115,Yukon,2021A000260,104,"Total, households",Kilotonnes,198,v1013974664,2023
12.115,Yukon,2021A000260,123,"Total, households",Kilotonnes,198,v1013974664,2014
12.115,Yukon,2021A000260,126,"Total, households",Kilotonnes,198,v1013974664,2016
12.115,Yukon,2021A000260,127,"Total, households",Kilotonnes,198,v1013974664,2015
12.115,Yukon,2021A000260,137,"Total, households",Kilotonnes,198,v1013974664,2017
12.115,Yukon,2021A000260,138,"Total, households",Kilotonnes,198,v1013974664,2020
12.115,Yukon,2021A000260,144,"Total, households",Kilotonnes,198,v1013974664,2013
12.115,Yukon,2021A000260,146,"Total, households",Kilotonnes,198,v1013974664,2018
12.115,Yukon,2021A000260,159,"Total, households",Kilotonnes,198,v1013974664,2019
12.118,Yukon,2021A000260,502,"Total, United Nations Framework Convention on Climate Change (UNFCCC), Canada's submission",Kilotonnes,198,v1013974667,2014
12.118,Yukon,2021A000260,529,"Total, United Nations Framework Convention on Climate Change (UNFCCC), Canada's submission",Kilotonnes,198,v1013974667,2016
12.118,Yukon,2021A000260,531,"Total, United Nations Framework Convention on Climate Change (UNFCCC), Canada's submission",Kilotonnes,198,v1013974667,2015
12.118,Yukon,2021A000260,564,"Total, United Nations Framework Convention on Climate Change (UNFCCC), Canada's submission",Kilotonnes,198,v1013974667,2017
12.118,Yukon,2021A000260,593,"Total, United Nations Framework Convention on Climate Change (UNFCCC), Canada's submission",Kilotonnes,198,v1013974667,2020
12.118,Yukon,2021A000260,601,"Total, United Nations Framework Convention on Climate Change (UNFCCC), Canada's submission",Kilotonnes,198,v1013974667,2013
12.118,Yukon,2021A000260,644,"Total, United Nations Framework Convention on Climate Change (UNFCCC), Canada's submission",Kilotonnes,198,v1013974667,2018
12.118,Yukon,2021A000260,647,"Total, United Nations Framework Convention on Climate Change (UNFCCC), Canada's submission",Kilotonnes,198,v1013974667,2021
12.118,Yukon,2021A000260,660,"Total, United Nations Framework Convention on Climate Change (UNFCCC), Canada's submission",Kilotonnes,198,v1013974667,2022
12.118,Yukon,2021A000260,674,"Total, United Nations Framework Convention on Climate Change (UNFCCC), Canada's submission",Kilotonnes,198,v1013974667,2023
12.118,Yukon,2021A000260,689,"Total, United Nations Framework Convention on Climate Change (UNFCCC), Canada's submission",Kilotonnes,198,v1013974667,2019
12.119,Yukon,2021A000260,-26,"Total, Reconciliation with Canada's submission to the United Nations Framework Convention on Climate Change (UNFCCC)",Kilotonnes,198,v1013974668,2013
12.119,Yukon,2021A000260,10,"Total, Reconciliation with Canada's submission to the United Nations Framework Convention on Climate Change (UNFCCC)",Kilotonnes,198,v1013974668,2016
12.119,Yukon,2021A000260,14,"Total, Reconciliation with Canada's submission to the United Nations Framework Convention on Climate Change (UNFCCC)",Kilotonnes,198,v1013974668,2015
12.119,Yukon,2021A000260,16,"Total, Reconciliation with Canada's submission to the United Nations Framework Convention on Climate Change (UNFCCC)",Kilotonnes,198,v1013974668,2017
12.119,Yukon,2021A000260,18,"Total, Reconciliation with Canada's submission to the United Nations Framework Convention on Climate Change (UNFCCC)",Kilotonnes,198,v1013974668,2014
12.119,Yukon,2021A000260,20,"Total, Reconciliation with Canada's submission to the United Nations Framework Convention on Climate Change (UNFCCC)",Kilotonnes,198,v1013974668,2021
12.119,Yukon,2021A000260,27,"Total, Reconciliation with Canada's submission to the United Nations Framework Convention on Climate Change (UNFCCC)",Kilotonnes,198,v1013974668,2018
12.119,Yukon,2021A000260,28,"Total, Reconciliation with Canada's submission to the United Nations Framework Convention on Climate Change (UNFCCC)",Kilotonnes,198,v1013974668,2020
12.119,Yukon,2021A000260,31,"Total, Reconciliation with Canada's submission to the United Nations Framework Convention on Climate Change (UNFCCC)",Kilotonnes,198,v1013974668,2019
12.119,Yukon,2021A000260,45,"Total, Reconciliation with Canada's submission to the United Nations Framework Convention on Climate Change (UNFCCC)",Kilotonnes,198,v1013974668,2023
12.119,Yukon,2021A000260,50,"Total, Reconciliation with Canada's submission to the United Nations Framework Convention on Climate Change (UNFCCC)",Kilotonnes,198,v1013974668,2022
12.2,Yukon,2021A000260,361,"Total, industries",Kilotonnes,198,v1013974553,2014
12.2,Yukon,2021A000260,390,"Total, industries",Kilotonnes,198,v1013974553,2015
12.2,Yukon,2021A000260,392,"Total, industries",Kilotonnes,198,v1013974553,2016
12.2,Yukon,2021A000260,412,"Total, industries",Kilotonnes,198,v1013974553,2017
12.2,Yukon,2021A000260,427,"Total, industries",Kilotonnes,198,v1013974553,2020
12.2,Yukon,2021A000260,470,"Total, industries",Kilotonnes,198,v1013974553,2018
12.2,Yukon,2021A000260,484,"Total, industries",Kilotonnes,198,v1013974553,2013
12.2,Yukon,2021A000260,499,"Total, industries",Kilotonnes,198,v1013974553,2019
12.2,Yukon,2021A000260,507,"Total, industries",Kilotonnes,198,v1013974553,2022
12.2,Yukon,2021A000260,525,"Total, industries",Kilotonnes,198,v1013974553,2023
12.2,Yukon,2021A000260,536,"Total, industries",Kilotonnes,198,v1013974553,2021
13.1,Northwest Territories,2021A000261,1539,"Total, industries and households",Kilotonnes,198,v1013974677,2020
13.1,Northwest Territories,2021A000261,1640,"Total, industries and households",Kilotonnes,198,v1013974677,2021
13.1,Northwest Territories,2021A000261,1708,"Total, industries and households",Kilotonnes,198,v1013974677,2022
13.1,Northwest Territories,2021A000261,1720,"Total, industries and households",Kilotonnes,198,v1013974677,2023
13.1,Northwest Territories,2021A000261,1851,"Total, industries and households",Kilotonnes,198,v1013974677,2016
13.1,Northwest Territories,2021A000261,1891,"Total, industries and households",Kilotonnes,198,v1013974677,2019
13.1,Northwest Territories,2021A000261,1960,"Total, industries and households",Kilotonnes,198,v1013974677,2018
13.1,Northwest Territories,2021A000261,2013,"Total, industries and households",Kilotonnes,198,v1013974677,2017
13.1,Northwest Territories,2021A000261,2076,"Total, industries and households",Kilotonnes,198,v1013974677,2013
13.1,Northwest Territories,2021A000261,2122,"Total, industries and households",Kilotonnes,198,v1013974677,2015
13.1,Northwest Territories,2021A000261,2137,"Total, industries and households",Kilotonnes,198,v1013974677,2014
13.115,Northwest Territories,2021A000261,112,"Total, households",Kilotonnes,198,v1013974789,2023
13.115,Northwest Territories,2021A000261,116,"Total, households",Kilotonnes,198,v1013974789,2021
13.115,Northwest Territories,2021A000261,123,"Total, households",Kilotonnes,198,v1013974789,2020
13.115,Northwest Territories,2021A000261,123,"Total, households",Kilotonnes,198,v1013974789,2022
13.115,Northwest Territories,2021A000261,129,"Total, households",Kilotonnes,198,v1013974789,2017
13.115,Northwest Territories,2021A000261,136,"Total, households",Kilotonnes,198,v1013974789,2018
13.115,Northwest Territories,2021A000261,142,"Total, households",Kilotonnes,198,v1013974789,2019
13.115,Northwest Territories,2021A000261,150,"Total, households",Kilotonnes,198,v1013974789,2013
13.115,Northwest Territories,2021A000261,150,"Total, households",Kilotonnes,198,v1013974789,2016
13.115,Northwest Territories,2021A000261,176,"Total, households",Kilotonnes,198,v1013974789,2014
13.115,Northwest Territories,2021A000261,177,"Total, households",Kilotonnes,198,v1013974789,2015
13.118,Northwest Territories,2021A000261,1217,"Total, United Nations Framework Convention on Climate Change (UNFCCC), Canada's submission",Kilotonnes,198,v1013974792,2020
13.118,Northwest Territories,2021A000261,1283,"Total, United Nations Framework Convention on Climate Change (UNFCCC), Canada's submission",Kilotonnes,198,v1013974792,2021
13.118,Northwest Territories,2021A000261,1310,"Total, United Nations Framework Convention on Climate Change (UNFCCC), Canada's submission",Kilotonnes,198,v1013974792,2016
13.118,Northwest Territories,2021A000261,1353,"Total, United Nations Framework Convention on Climate Change (UNFCCC), Canada's submission",Kilotonnes,198,v1013974792,2022
13.118,Northwest Territories,2021A000261,1360,"Total, United Nations Framework Convention on Climate Change (UNFCCC), Canada's submission",Kilotonnes,198,v1013974792,2023
13.118,Northwest Territories,2021A000261,1408,"Total, United Nations Framework Convention on Climate Change (UNFCCC), Canada's submission",Kilotonnes,198,v1013974792,2017
13.118,Northwest Territories,2021A000261,1421,"Total, United Nations Framework Convention on Climate Change (UNFCCC), Canada's submission",Kilotonnes,198,v1013974792,2019
13.118,Northwest Territories,2021A000261,1427,"Total, United Nations Framework Convention on Climate Change (UNFCCC), Canada's submission",Kilotonnes,198,v1013974792,2018
13.118,Northwest Territories,2021A000261,1546,"Total, United Nations Framework Convention on Climate Change (UNFCCC), Canada's submission",Kilotonnes,198,v1013974792,2014
13.118,Northwest Territories,2021A000261,1577,"Total, United Nations Framework Convention on Climate Change (UNFCCC), Canada's submission",Kilotonnes,198,v1013974792,2013
13.118,Northwest Territories,2021A000261,1579,"Total, United Nations Framework Convention on Climate Change (UNFCCC), Canada's submission",Kilotonnes,198,v1013974792,2015
13.119,Northwest Territories,2021A000261,-605,"Total, Reconciliation with Canada's submission to the United Nations Framework Convention on Climate Change (UNFCCC)",Kilotonnes,198,v1013974793,2017
13.119,Northwest Territories,2021A000261,-591,"Total, Reconciliation with Canada's submission to the United Nations Framework Convention on Climate Change (UNFCCC)",Kilotonnes,198,v1013974793,2014
13.119,Northwest Territories,2021A000261,-543,"Total, Reconciliation with Canada's submission to the United Nations Framework Convention on Climate Change (UNFCCC)",Kilotonnes,198,v1013974793,2015
13.119,Northwest Territories,2021A000261,-541,"Total, Reconciliation with Canada's submission to the United Nations Framework Convention on Climate Change (UNFCCC)",Kilotonnes,198,v1013974793,2016
13.119,Northwest Territories,2021A000261,-532,"Total, Reconciliation with Canada's submission to the United Nations Framework Convention on Climate Change (UNFCCC)",Kilotonnes,198,v1013974793,2018
13.119,Northwest Territories,2021A000261,-499,"Total, Reconciliation with Canada's submission to the United Nations Framework Convention on Climate Change (UNFCCC)",Kilotonnes,198,v1013974793,2013
13.119,Northwest Territories,2021A000261,-471,"Total, Reconciliation with Canada's submission to the United Nations Framework Convention on Climate Change (UNFCCC)",Kilotonnes,198,v1013974793,2019
13.119,Northwest Territories,2021A000261,-360,"Total, Reconciliation with Canada's submission to the United Nations Framework Convention on Climate Change (UNFCCC)",Kilotonnes,198,v1013974793,2023
13.119,Northwest Territories,2021A000261,-357,"Total, Reconciliation with Canada's submission to the United Nations Framework Convention on Climate Change (UNFCCC)",Kilotonnes,198,v1013974793,2021
13.119,Northwest Territories,2021A000261,-356,"Total, Reconciliation with Canada's submission to the United Nations Framework Convention on Climate Change (UNFCCC)",Kilotonnes,198,v1013974793,2022
13.119,Northwest Territories,2021A000261,-323,"Total, Reconciliation with Canada's submission to the United Nations Framework Convention on Climate Change (UNFCCC)",Kilotonnes,198,v1013974793,2020
13.2,Northwest Territories,2021A000261,1416,"Total, industries",Kilotonnes,198,v1013974678,2020
13.2,Northwest Territories,2021A000261,1525,"Total, industries",Kilotonnes,198,v1013974678,2021
13.2,Northwest Territories,2021A000261,1586,"Total, industries",Kilotonnes,198,v1013974678,2022
13.2,Northwest Territories,2021A000261,1608,"Total, industries",Kilotonnes,198,v1013974678,2023
13.2,Northwest Territories,2021A000261,1702,"Total, industries",Kilotonnes,198,v1013974678,2016
13.2,Northwest Territories,2021A000261,1749,"Total, industries",Kilotonnes,198,v1013974678,2019
13.2,Northwest Territories,2021A000261,1823,"Total, industries",Kilotonnes,198,v1013974678,2018
13.2,Northwest Territories,2021A000261,1884,"Total, industries",Kilotonnes,198,v1013974678,2017
13.2,Northwest Territories,2021A000261,1926,"Total, industries",Kilotonnes,198,v1013974678,2013
13.2,Northwest Territories,2021A000261,1945,"Total, industries",Kilotonnes,198,v1013974678,2015
13.2,Northwest Territories,2021A000261,1961,"Total, industries",Kilotonnes,198,v1013974678,2014
14.1,Nunavut,2021A000262,644,"Total, industries and households",Kilotonnes,198,v1013974802,2013
14.1,Nunavut,2021A000262,648,"Total, industries and households",Kilotonnes,198,v1013974802,2015
14.1,Nunavut,2021A000262,664,"Total, industries and households",Kilotonnes,198,v1013974802,2014
14.1,Nunavut,2021A000262,682,"Total, industries and households",Kilotonnes,198,v1013974802,2016
14.1,Nunavut,2021A000262,704,"Total, industries and households",Kilotonnes,198,v1013974802,2017
14.1,Nunavut,2021A000262,725,"Total, industries and households",Kilotonnes,198,v1013974802,2021
14.1,Nunavut,2021A000262,759,"Total, industries and households",Kilotonnes,198,v1013974802,2018
14.1,Nunavut,2021A000262,848,"Total, industries and households",Kilotonnes,198,v1013974802,2020
14.1,Nunavut,2021A000262,869,"Total, industries and households",Kilotonnes,198,v1013974802,2022
14.1,Nunavut,2021A000262,886,"Total, industries and households",Kilotonnes,198,v1013974802,2019
14.1,Nunavut,2021A000262,1049,"Total, industries and households",Kilotonnes,198,v1013974802,2023
14.115,Nunavut,2021A000262,28,"Total, households",Kilotonnes,198,v1013974914,2021
14.115,Nunavut,2021A000262,28,"Total, households",Kilotonnes,198,v1013974914,2022
14.115,Nunavut,2021A000262,28,"Total, households",Kilotonnes,198,v1013974914,2023
14.115,Nunavut,2021A000262,30,"Total, households",Kilotonnes,198,v1013974914,2013
14.115,Nunavut,2021A000262,31,"Total, households",Kilotonnes,198,v1013974914,2020
14.115,Nunavut,2021A000262,39,"Total, households",Kilotonnes,198,v1013974914,2019
14.115,Nunavut,2021A000262,44,"Total, households",Kilotonnes,198,v1013974914,2018
14.115,Nunavut,2021A000262,54,"Total, households",Kilotonnes,198,v1013974914,2017
14.115,Nunavut,2021A000262,60,"Total, households",Kilotonnes,198,v1013974914,2014
14.115,Nunavut,2021A000262,60,"Total, households",Kilotonnes,198,v1013974914,2016
14.115,Nunavut,2021A000262,89,"Total, households",Kilotonnes,198,v1013974914,2015
14.118,Nunavut,2021A000262,632,"Total, United Nations Framework Convention on Climate Change (UNFCCC), Canada's submission",Kilotonnes,198,v1013974917,2015
14.118,Nunavut,2021A000262,634,"Total, United Nations Framework Convention on Climate Change (UNFCCC), Canada's submission",Kilotonnes,198,v1013974917,2020
14.118,Nunavut,2021A000262,684,"Total, United Nations Framework Convention on Climate Change (UNFCCC), Canada's submission",Kilotonnes,198,v1013974917,2014
14.118,Nunavut,2021A000262,690,"Total, United Nations Framework Convention on Climate Change (UNFCCC), Canada's submission",Kilotonnes,198,v1013974917,2013
14.118,Nunavut,2021A000262,697,"Total, United Nations Framework Convention on Climate Change (UNFCCC), Canada's submission",Kilotonnes,198,v1013974917,2022
14.118,Nunavut,2021A000262,699,"Total, United Nations Framework Convention on Climate Change (UNFCCC), Canada's submission",Kilotonnes,198,v1013974917,2021
14.118,Nunavut,2021A000262,714,"Total, United Nations Framework Convention on Climate Change (UNFCCC), Canada's submission",Kilotonnes,198,v1013974917,2023
14.118,Nunavut,2021A000262,733,"Total, United Nations Framework Convention on Climate Change (UNFCCC), Canada's submission",Kilotonnes,198,v1013974917,2019
14.118,Nunavut,2021A000262,735,"Total, United Nations Framework Convention on Climate Change (UNFCCC), Canada's submission",Kilotonnes,198,v1013974917,2016
14.118,Nunavut,2021A000262,737,"Total, United Nations Framework Convention on Climate Change (UNFCCC), Canada's submission",Kilotonnes,198,v1013974917,2018
14.118,Nunavut,2021A000262,738,"Total, United Nations Framework Convention on Climate Change (UNFCCC), Canada's submission",Kilotonnes,198,v1013974917,2017
14.119,Nunavut,2021A000262,-335,"Total, Reconciliation with Canada's submission to the United Nations Framework Convention on Climate Change (UNFCCC)",Kilotonnes,198,v1013974918,2023
14.119,Nunavut,2021A000262,-214,"Total, Reconciliation with Canada's submission to the United Nations Framework Convention on Climate Change (UNFCCC)",Kilotonnes,198,v1013974918,2020
14.119,Nunavut,2021A000262,-172,"Total, Reconciliation with Canada's submission to the United Nations Framework Convention on Climate Change (UNFCCC)",Kilotonnes,198,v1013974918,2022
14.119,Nunavut,2021A000262,-153,"Total, Reconciliation with Canada's submission to the United Nations Framework Convention on Climate Change (UNFCCC)",Kilotonnes,198,v1013974918,2019
14.119,Nunavut,2021A000262,-26,"Total, Reconciliation with Canada's submission to the United Nations Framework Convention on Climate Change (UNFCCC)",Kilotonnes,198,v1013974918,2021
14.119,Nunavut,2021A000262,-22,"Total, Reconciliation with Canada's submission to the United Nations Framework Convention on Climate Change (UNFCCC)",Kilotonnes,198,v1013974918,2018
14.119,Nunavut,2021A000262,-16,"Total, Reconciliation with Canada's submission to the United Nations Framework Convention on Climate Change (UNFCCC)",Kilotonnes,198,v1013974918,2015
14.119,Nunavut,2021A000262,20,"Total, Reconciliation with Canada's submission to the United Nations Framework Convention on Climate Change (UNFCCC)",Kilotonnes,198,v1013974918,2014
14.119,Nunavut,2021A000262,34,"Total, Reconciliation with Canada's submission to the United Nations Framework Convention on Climate Change (UNFCCC)",Kilotonnes,198,v1013974918,2017
14.119,Nunavut,2021A000262,46,"Total, Reconciliation with Canada's submission to the United Nations Framework Convention on Climate Change (UNFCCC)",Kilotonnes,198,v1013974918,2013
14.119,Nunavut,2021A000262,53,"Total, Reconciliation with Canada's submission to the United Nations Framework Convention on Climate Change (UNFCCC)",Kilotonnes,198,v1013974918,2016
14.2,Nunavut,2021A000262,559,"Total, industries",Kilotonnes,198,v1013974803,2015
14.2,Nunavut,2021A000262,605,"Total, industries",Kilotonnes,198,v1013974803,2014
14.2,Nunavut,2021A000262,614,"Total, industries",Kilotonnes,198,v1013974803,2013
14.2,Nunavut,2021A000262,622,"Total, industries",Kilotonnes,198,v1013974803,2016
14.2,Nunavut,2021A000262,651,"Total, industries",Kilotonnes,198,v1013974803,2017
14.2,Nunavut,2021A000262,697,"Total, industries",Kilotonnes,198,v1013974803,2021
14.2,Nunavut,2021A000262,716,"Total, industries",Kilotonnes,198,v1013974803,2018
14.2,Nunavut,2021A000262,817,"Total, industries",Kilotonnes,198,v1013974803,2020
14.2,Nunavut,2021A000262,840,"Total, industries",Kilotonnes,198,v1013974803,2022
14.2,Nunavut,2021A000262,847,"Total, industries",Kilotonnes,198,v1013974803,2019
14.2,Nunavut,2021A000262,1021,"Total, industries",Kilotonnes,198,v1013974803,2023
