NAPS_ID,Station_Name,Status,Location_Address,City,Province/Territory,Postal_Code,Timezone_UTC,Latitude,Longitude,Elevation_m,Start_Date,End_Date
10101,DUCKWORTH & ORDINANCE,0,DUCKWORTH & ORDINANCE,ST. JOHN'S,NEWFOUNDLAND AND LABRADOR,A1C 1E4,-3.5,47.56806,-52.70222,7,2/7/1975,7/26/1988
10102,WATER STREET POST OFFICE,1,354 WATER STREET,ST. JOHN'S,NEWFOUNDLAND AND LABRADOR,A1C 1C4,-3.5,47.56038,-52.71147,7,7/31/1988,
10301,CREDIT UNION,0,BROOK STREET,CORNER BROOK,NEWFOUNDLAND AND LABRADOR,A2H 2T7,-3.5,48.949479,-57.945387,5,6/30/2001,5/22/2014
10401,MOUNT PEARL,1,OLD PLACENTIA ROAD,MOUNT PEARL,NEWFOUNDLAND AND LABRADOR,A1N 4P4,-3.5,47.50513,-52.79476,135,5/4/2002,
10501,ABITIBI SITE,1,SCOTT AVENUE,GRAND FALLS - WINDSOR,NEWFOUNDLAND AND LABRADOR,A2A 2K1,-3.5,48.92696,-55.65966,62,5/17/2004,
10601,GOOSE BAY,1,ABBOT STREET,HAPPY VALLEY - GOOSE BAY,NEWFOUNDLAND AND LABRADOR,A0P 1C0,-3.5,53.306,-60.36314,39,3/9/2005,
10602,MACPHERSON AVENUE,1,MACPHERSON AVE,CORNER BROOK,NEWFOUNDLAND AND LABRADOR,A2H 6Z4,-3.5,48.95224,-57.92207,100,7/14/2009,
10701,FERROLE POINT,0,FERROLE POINT LIGHTHOUSE,FERROLE POINT,NEWFOUNDLAND AND LABRADOR,A0K 4L0,-3.5,51.021995,-57.095567,13,12/31/2004,10/31/2009
10801,PORT AU CHOIX,1,PORT AU CHOIX (Town Hall),PORT AUX CHOIX,NEWFOUNDLAND AND LABRADOR,A0K 4C0,-3.5,50.7123,-57.36421,13,6/15/2010,
10901,MARYSTOWN_BURIN,1,18 HWY 220 (Main St.),BURIN,NEWFOUNDLAND AND LABRADOR,A0E 2E0,-3.5,47.09899,-55.19852,1,10/23/2011,
11001,LABRADOR CITY - SMOKEY MOUNTAIN,0,,LABRADOR CITY,NEWFOUNDLAND AND LABRADOR,,-4,52.9518,-66.9156,540,1/1/2014,12/31/2015
11002,FIREHALL-LABRADORCITY2,1,317 HUDSON DRIVE,LABRADOR CITY,NEWFOUNDLAND AND LABRADOR,A2V 1L6,-4,52.945487,-66.910306,558,1/1/2016,
20101,CHARLOTTETOWN - 56 FITZROY ST.,0,56 FITZROY ST.,CHARLOTTETOWN,PRINCE EDWARD ISLAND,C1A 1R5,-4,46.23543,-63.13078,2,1/3/1974,12/31/1997
20104,CHARLOTTETOWN - 3 BRIGHTON RD.,1,3 BRIGHTON ROAD,CHARLOTTETOWN,PRINCE EDWARD ISLAND,C1A 8T6,-4,46.233,-63.13667,21,1/1/2014,
20201,NORTH CAPE - ATLANTIC WIND TEST SITE,0,NORTH CAPE,NORTH CAPE,PRINCE EDWARD ISLAND,,-4,47.055,-63.99722,4,9/17/1992,12/31/1997
20301,WELLINGTON - 40 HACKMATACK RD.,1,40 ROUTE 125 (HACKMATACK ROAD),WELLINGTON,PRINCE EDWARD ISLAND,C0B 2E0,-4,46.47843,-63.98763,6,1/1/2014,
20401,SOUTHAMPTON - 2580 CARDIGAN RD.,1,2580 ROUTE 313 (CARDIGAN ROAD),SOUTHAMPTON,PRINCE EDWARD ISLAND,C0A 2A0,-4,46.38635,-62.58272,30,1/1/2014,
30101,HALIFAX - DALTECH,0,"DALTECH, C BUILDING, 1360 BARRINGTON STREET",HALIFAX,NOVA SCOTIA,B3J 1B6,-4,44.64202,-63.57362,35,1/1/1974,8/6/2002
30113,HALIFAX - JOHNSTON BUILDING,1,1672 GRANVILLE STREET,HALIFAX,NOVA SCOTIA,B3J 2N2,-4,44.64711,-63.57366,28,4/13/2006,
30114,HALIFAX - MT. ST. VINCENT UNIVERSITY,0,MT ST VINCENT UNIVERSITY,HALIFAX,NOVA SCOTIA,B3M 3J8,-4,44.67111,-63.64389,12,1/1/1974,12/31/1985
30115,DARTMOUTH - CFB SHEARWATER,0,CFB SHEARWATER,DARTMOUTH,NOVA SCOTIA,B0J 3A0,-4,44.62611,-63.51944,15,1/1/1974,12/31/1998
30116,HALIFAX - CITY HALL,0,BARRINGTON & DUKE,HALIFAX,NOVA SCOTIA,B3J 3N8,-4,44.6492,-63.57507,21,9/26/1974,12/31/1985
30117,HALIFAX - BEDFORD ROW POST OFFICE,0,BEDFORD ROW POST OFFICE,HALIFAX,NOVA SCOTIA,B3J 1M7,-4,44.64732,-63.57205,9,8/1/1986,11/15/1990
30118,HALIFAX - VOGUE BUILDING,0,1649 BARRINGTON STREET,HALIFAX,NOVA SCOTIA,B3J 2A1,-4,44.646425,-63.573383,18,12/3/1990,1/14/2018
30119,DARTMOUTH - HARBOURVIEW SCHOOL,0,HARBOURVIEW SCHOOL,DARTMOUTH,NOVA SCOTIA,B3A 4H4,-4,44.68113,-63.58973,44,10/10/1993,4/3/1995
30120,DARTMOUTH - LAKE MAJOR,1,341 CHERRYBROOK ROAD,DARTMOUTH,NOVA SCOTIA,B2Z 1B3,-4,44.7198,-63.48076,68,6/18/2001,
30201,PORT HAWKESBURY,1,18 EMBREE STREET,PORT HAWKESBURY,NOVA SCOTIA,B9A 2P6,-4,45.6141612,-61.3623563,14,1/20/2003,
30310,SYDNEY - WELTON ST.,0,71 WELTON STREET,SYDNEY,NOVA SCOTIA,B1P 5R2,-4,46.14222,-60.17252,27,1/11/1974,10/15/2024
30311,SYDNEY - WHITNEY PIER FIRE STATION,0,"WHITNEY PIER FIRE STN., Victoria Road, Whitney Pier",SYDNEY,NOVA SCOTIA,B1N 1L1,-4,46.16142,-60.18694,29,1/16/1974,12/31/2010
30408,GALCE BAY - SOUTH ST. - 1,0,SOUTH STREET,GLACE BAY,NOVA SCOTIA,B1A 1W6,-4,46.18361,-59.93917,11,1/1/1978,8/7/1983
30409,GALCE BAY - SOUTH ST. - 2,0,SOUTH STREET,GLACE BAY,NOVA SCOTIA,B1A 1W5,-4,46.18333,-59.9375,6,8/27/1985,12/31/1995
30501,KEJIMKUJIK NATIONAL PARK,0,NATIONAL PARK,KEJIMKUJIK,NOVA SCOTIA,,-4,44.433611,-65.205833,127,4/16/1985,12/31/2016
30502,KEJIMKUJIK NATIONAL PARK - B,1,NATIONAL PARK,KEJIMKUJIK,NOVA SCOTIA,B0T 1B0,-4,44.43244,-65.20264,124,1/1/2016,
30601,FALL RIVER - 123 OAKES RD.,0,123 OAKES ROAD,FALL RIVER,NOVA SCOTIA,B2T 1J5,-4,44.8125,-63.60417,72,1/1/1986,4/14/1989
30701,AYLESFORD MOUNTAIN,1,"1009 BROW MOUNTAIN ROAD, KINGS COUNTY",AYLESFORD,NOVA SCOTIA,B0P 1C0,-4,45.07254,-64.84025,235,7/2/1991,
30801,YARMOUTH - DAYTON,0,"YARMOUTH WEATHER OFFICE, DAYTON",YARMOUTH,NOVA SCOTIA,B5A (4A8),-4,43.83333,-66.08333,31,1/5/1994,12/31/2013
30901,PICTOU,1,91 BEECHES ROAD,PICTOU,NOVA SCOTIA,B0K 1H0,-4,45.681744,-62.696575,12,1/1/2001,
31001,SABLE ISLAND,0,SABLE ISLAND,SABLE ISLAND,NOVA SCOTIA,,-4,43.932297,-60.009287,8,5/23/2003,4/18/2015
31101,KENTVILLE - AGRI-FOOD CANADA,1,32 MAIN STREET,KENTVILLE,NOVA SCOTIA,B4N 1J5,-4,45.067284,-64.477425,60,8/16/2002,
31201,GRANTON,0,20 PUMPHOUSE ROAD,GRANTON,NOVA SCOTIA,B0K 1H0,-4,45.63115,-62.73838,2,,3/25/2016
40103,FREDERICTON - ABERDEEN ST.,0,437 ABERDEEN STREET,FREDERICTON,NEW BRUNSWICK,E3B 1S2,-4,45.957318,-66.646719,21,4/16/1999,3/30/2017
40104,FREDERICTON - NEEDHAM ST.,1,486 NEEDHAM STREET,FREDERICTON,NEW BRUNSWICK,E3B 1P1,-4,45.957289,-66.645236,10,8/31/2016,
40201,SAINT JOHN - 110 CHARLOTTE ST.,0,110 CHARLOTTE STREET,SAINT JOHN,NEW BRUNSWICK,E2L 2J3,-4,45.272517,-66.058401,51,1/23/1974,2/6/1974
40202,SAINT JOHN - POST OFFICE,0,POST OFFICE,SAINT JOHN,NEW BRUNSWICK,E2L 0B1,-4,45.27056,-66.0625,2,1/1/1974,10/15/1991
40203,SAINT JOHN - FOREST HILLS,1,MOUNTAIN ROAD,SAINT JOHN,NEW BRUNSWICK,E2J 2X1,-4,45.308762,-66.008384,41,1/1/1980,
40204,SAINT JOHN - WEST DISTRICT POLICE STATION,0,1918 MANAWAGONISH ROAD,SAINT JOHN,NEW BRUNSWICK,E2M 5H5,-4,45.23474,-66.1376,49,1/1/1980,5/31/1983
40206,SAINT JOHN - CUSTOMS BUILDING,0,189 PRINCE WILLIAM,SAINT JOHN,NEW BRUNSWICK,E2L 2B9,-4,45.269677,-66.06151,29,11/14/1991,3/8/2016
40207,SAINT JOHN - WEST SIDE,1,476 LANCASTER AVENUE W.,SAINT JOHN,NEW BRUNSWICK,E2M 2L7,-4,45.252898,-66.080065,59,9/16/1997,
40208,SAINT JOHN - CHAMPLAIN HEIGHTS SCHOOL,1,111 CHAMPLAIN DRIVE,SAINT JOHN,NEW BRUNSWICK,E2J 3E4,-4,45.291218,-66.00305,47,7/11/2000,
40209,SAINT JOHN - CASTLE ST.,1,8 CASTLE STREET,SAINT JOHN,NEW BRUNSWICK,E2J 3B8,-4,45.28028,-66.05611,41,1/1/2009,
40302,MONCTON - THANET ST.,1,5 THANET STREET,MONCTON,NEW BRUNSWICK,E1C 3G7,-4,46.101578,-64.789661,9,7/17/1998,
40401,HASTINGS TOWER - FUNDY PARK,0,HASTINGS TOWER,FUNDY NAT. PARK,NEW BRUNSWICK,E4H,-4,45.59222,-64.99444,335,6/9/1989,5/25/2015
40501,POINT LEPREAU - CHARLOTTE COUNTY,0,RECREATION AREA,POINT LEPREAU,NEW BRUNSWICK,E5J,-4,45.073272,-66.449573,0,7/15/1986,10/27/2016
40601,BLISSVILLE - SUNBURY COUNTY,0,AIRPORT ROAD,BLISSVILLE - SUNBURY COUNTY,NEW BRUNSWICK,E5L 1Z2,-4,45.605425,-66.559505,9,7/2/1987,4/4/2014
40701,NORTON - KINGS COUNTY,0,308 HWY 124,NORTON - KINGS COUNTY,NEW BRUNSWICK,E5T 1R2,-4,45.64192,-65.70127,20,6/5/1989,1/15/2018
40801,CANTERBURY,0,487 ROUTE 122,DOW SETTLEMENT,NEW BRUNSWICK,E6H 1B9,-4,45.950069,-67.477738,153,8/1/1994,11/12/2014
40901,ST. ANDREWS - HUNTSMAN MARINE SCIENCES CTR.,1,"MARINE SCIENCE DRIVE, ROUTE 127",ST. ANDREWS,NEW BRUNSWICK,E5B 3S9,-4,45.086912,-67.074036,25,1/9/1995,
41001,CAMPOBELLO ISLAND,0,CAMPOBELLO ISLAND,CAMPOBELLO ISLAND,NEW BRUNSWICK,,-4,44.87306,-66.95611,29,5/24/1995,9/30/2005
41101,ST. LEONARD - AIRPORT,0,St. Leonard Airport (YSL),ST. LEONARD,NEW BRUNSWICK,E7E 2P7,-4,47.157628,-67.831015,239,5/10/2000,12/23/2016
41201,MIRAMICHI - LOWER NEWCASTLE,0,55 ROUTE 11 HWY,MIRAMICHI,NEW BRUNSWICK,E1V 7E7,-4,47.071087,-65.423534,18,6/1/2000,4/13/2018
41301,BATHURST - HOLY FAMILY CHURCH,0,430 ST. PETERS AVENUE,BATHURST,NEW BRUNSWICK,E2A 2Y2,-4,47.62889,-65.66333,20,1/1/2000,10/23/2002
41302,BATHURST - ROUGH WATERS DR.,1,1255 ROUGH WATERS DRIVE,BATHURST,NEW BRUNSWICK,E2A 1Z2,-4,47.609693,-65.633509,16,1/1/2005,
41501,EDMUNDSTON - QUEEN ST.,1,19 Queen St.,EDMUNDSTON,NEW BRUNSWICK,E3V 1A2,-4,47.363195,-68.322302,159,5/18/2007,
41601,MIRAMICHI - GRETNA GREEN DR.,1,15 GRETNA GREEN DRIVE,MIRAMICHI,NEW BRUNSWICK,E1V 5V6,-4,47.025671,-65.520487,24,1/22/2020,
50101,MONTRÉAL - PARC JARRY,0,PARC JARRY,MONTRÉAL,QUEBEC,,-5,45.53486,-73.63307,47,1/1/1974,11/30/1983
50102,MONTRÉAL - JARDIN BOTANIQUE,0,BOUL. ROSEMONT,MONTRÉAL,QUEBEC,H1X 2C1,-5,45.56221,-73.571785,59,1/1/1974,1/5/2009
50103,MONTRÉAL - SAINT-JEAN-BAPTISTE,1,"1050 A, BOUL. SAINT-JEAN-BAPTISTE",MONTRÉAL,QUEBEC,H1B 4A1,-5,45.641026,-73.499682,19,1/4/1974,
50104,MONTRÉAL - ONTARIO,0,1125 RUE ONTARIO EST,MONTRÉAL,QUEBEC,H2L 1R2,-5,45.52055,-73.563222,46,1/1/1974,9/29/2008
50105,MONTRÉAL - DRUMMOND,0,1212 RUE DRUMMOND,MONTRÉAL,QUEBEC,H3G 1V7,-5,45.497859,-73.573035,52,1/1/1974,12/31/2014
50106,MONTRÉAL - VILLE ST-LAURENT,0,VILLE ST-LAURENT,MONTRÉAL,QUEBEC,,-5,45.525,-73.67194,40,2/1/1974,12/31/1983
50107,MONTRÉAL - VILLE LASALLE,0,VILLE LASALLE,MONTRÉAL,QUEBEC,,-5,45.46,-73.60556,13,6/4/1974,8/31/1980
50108,LONGUEUIL - BOURASSA,0,1700 BOURASSA  LONGUEUIL,LONGUEUIL,QUEBEC,J4J 3A6,-5,45.52222,-73.48389,29,1/2/1982,12/31/1983
50109,MONTRÉAL - ÉCHANGEUR DÉCARIE,1,"2495 DUNCAN / DECARIE, MT-ROYAL",MONTRÉAL,QUEBEC,H4P 2A2,-5,45.502648,-73.663913,41,1/1/1974,
50110,MONTRÉAL - PARC-PILON,0,"11280 BOUL. PIE IX, MTL NORD",MONTRÉAL,QUEBEC,H1H 4B5,-5,45.594576,-73.641535,21,10/23/1974,4/6/2013
50111,LAVAL - DUVERNAY,0,2900 BOUL. CONCORDE,LAVAL,QUEBEC,H7E 2B6,-5,45.589722,-73.820833,24,5/1/1975,5/18/1981
50112,LAVAL - PONT VIAU,0,PONT-VIAU,LAVAL,QUEBEC,,-5,45.56,-73.681389,25,9/2/1975,12/31/1992
50113,LAVAL - CHOMEDEY,1,1160 BOUL PIE-IX,LAVAL,QUEBEC,H7V 3B5,-5,45.547463,-73.7483166,35,3/1/1976,
50114,MONTRÉAL - 677 STE-CATHERINE O.,0,677 STE-CATHERINE O.,MONTRÉAL,QUEBEC,H3B 3Y6,-5,45.50278,-73.57083,97,1/1/1976,5/31/1982
50115,MONTRÉAL - MAISONNEUVE,0,1001 BOUL DE MAISONNEUVE OUEST,MONTRÉAL,QUEBEC,H3A 3C8,-5,45.501531,-73.574311,56,4/1/1977,1/1/2016
50116,MONTRÉAL - VERDUN,0,"3161 JOSEPH, VERDUN",MONTRÉAL,QUEBEC,H4G 1H8,-5,45.4729,-73.573,21,3/10/1978,3/6/2015
50117,MONTRÉAL - 7405 CHAMPAGNEUR,0,7405 CHAMPAGNEUR,MONTRÉAL,QUEBEC,H3N 2K1,-5,45.52749,-73.62646,48,1/4/1984,1/31/1993
50118,MONTRÉAL - 820 ST. GERMAIN,0,820 ST. GERMAIN,MONTRÉAL,QUEBEC,,-5,45.51259,-73.67792,36,1/1/1984,12/21/1992
50119,LONGUEUIL,1,FACE AU 1819 RUE VICTORIA,LONGUEUIL,QUEBEC,J4J 3C8,-5,45.52207,-73.4881,32,1/1/1984,
50120,MONTRÉAL - ROXBORO,0,"54, 4e  AVE SUD, ROXBORO",MONTRÉAL,QUEBEC,,-5,45.49444,-73.80778,33,1/1/1988,12/31/1996
50121,BROSSARD - PARC OCÉANIE,0,8361 RUE OCEANIE - BROSSARD,LONGUEUIL,QUEBEC,,-5,45.44298,-73.468631,15,4/5/1993,1/26/2016
50122,BROSSARD - PARC SORBONNE,1,EN FACE DU 8400 AVENUE SORBONNE,BROSSARD,QUEBEC,J4X 1N3,-5,45.448663,-73.480819,17,1/28/2016,
50123,MONTRÉAL - DORVAL,0,55 AVENUE LILAS,MONTRÉAL,QUEBEC,H9S 3L8,-5,45.439119,-73.7333,30,1/1/1995,2/3/2000
50124,MONTRÉAL - CHATEAUNEUF-ANJOU,1,7650 BOUL. CHÂTEAUNEUF,MONTRÉAL,QUEBEC,H1K 4H3,-5,45.602846,-73.558874,51,1/28/1997,
50125,MONTRÉAL - CENTRE RÉCRÉATIF EDOUARD RIVEST,0,11111 NOTRE-DAME EST,MONTRÉAL,QUEBEC,H1B 2V7,-5,45.62866,-73.5003,10,5/27/1996,1/1/2009
50126,MONTRÉAL - SAINTE-ANNE DE BELLEVUE,1,20965 CH. SAINTE-MARIE,MONTRÉAL,QUEBEC,H9J 3H2,-5,45.426542,-73.928929,39,10/8/1997,
50128,MONTRÉAL - AÉROPORT DE MONTRÉAL - 1,1,"90-A RUE HERVE-SAINT-MARTIN, DORVAL",MONTRÉAL,QUEBEC,H4S 2A5,-5,45.468322,-73.741198,33,1/1/1998,
50129,MONTRÉAL - RIVIÈRE-DES-PRAIRIES,1,12400 WILFRID-OUELLETTE (R-D-P),MONTRÉAL,QUEBEC,H1E 6K4,-5,45.651691,-73.573825,29,12/4/1998,
50130,MONTRÉAL - AÉROPORT DE MONTRÉAL - 2,0,"711-A RUE CLEMENT, DORVAL",MONTRÉAL,QUEBEC,,-5,45.45578,-73.76692,28,10/1/1998,10/22/1999
50131,MONTRÉAL - HOCHELAGA-MAISONNEUVE,1,3259 STE-CATHERINE EST,MONTRÉAL,QUEBEC,H1W 2C6,-5,45.539928,-73.540388,25,4/5/2001,
50133,MONTRÉAL - CHENIER,0,"8200A RUE CHENIER, Arena Chenier",MONTRÉAL,QUEBEC,H1K 5E9,-5,45.60176,-73.541992,41,12/21/2007,12/31/2018
50134,MONTRÉAL - MOLSON ,1,2580 SAINT-JOSEPH EST,MONTRÉAL,QUEBEC,H1Y 2A2,-5,45.54271,-73.57176,53,9/28/2008,
50135,MONTRÉAL-CASERNE 17,1,4240 RUE CHARLEROI,MONTRÉAL,QUEBEC,H1H 1T3,-5,45.5934,-73.63726,41,4/12/2013,
50136,MONTRÉAL - ST-DOMINIQUE,1,75 RUE ONTARIO EST,MONTRÉAL,QUEBEC,H2X 2X2,-5,45.512189,-73.566842,32,1/28/2016,
50137,TERREBONNE - PARC VAILLANT,1,RUES VAILLANT ET DE GRAND-CHAMP,TERREBONNE,QUEBEC,J6X 1N1,-5,45.70476,-73.65776,34,11/16/2016,
50138,MONTRÉAL-YORK/ROBERVAL,1,1540 ROBERVAL,MONTRÉAL,QUEBEC,H4E 1E6,-5,45.464611,-73.582583,25,12/31/2015,
50201,GATINEAU - EDDY,0,"RUE PRINCIPALE, HULL",GATINEAU,QUEBEC,,-5,45.4248,-75.72075,55,1/1/1974,6/4/1976
50203,GATINEAU - GAMELIN,0,"RUE GAMELIN, HULL",GATINEAU,QUEBEC,,-5,45.444167,-75.738889,86,4/1/1977,12/18/1996
50204,GATINEAU - HULL,1,"255 ST-REDEMPTEUR, HULL",GATINEAU,QUEBEC,J8X 2T4,-5,45.435987,-75.723429,62,1/23/1997,
50303,QUÉBEC - LIMOILOU,0,"801, 4E AVENUE",QUÉBEC,QUEBEC,,-5,46.82611,-71.2269,2,3/22/1974,2/28/1989
50304,QUÉBEC - DORCHESTER,0,"155, RUE DORCHESTER SUD",QUÉBEC,QUEBEC,,-5,46.81618,-71.22926,2,7/17/1974,10/20/1983
50305,QUÉBEC - MYRAND,0,"MYRAND & RENE-LEVESQUE, STE-FOY",QUÉBEC,QUEBEC,,-5,46.783611,-71.263333,80,10/29/1975,3/31/1980
50306,QUÉBEC - GOMIN,0,"FACE AU 891, PAINCHAUD, STE-FOY",QUÉBEC,QUEBEC,,-5,46.78806,-71.26056,75,4/1/1980,8/17/1998
50307,QUÉBEC - CARTIER-BRÉBEUF,0,RUE JACQUES CARTIER,QUÉBEC,QUEBEC,,-5,46.824444,-71.234722,6,11/1/1983,9/2/1998
50308,QUÉBEC - VIEUX-LIMOILOU,1,600 RUE DES SABLES,QUÉBEC,QUEBEC,G1J 2X9,-5,46.821177,-71.220495,8,12/16/1989,
50309,QUÉBEC - SAINT-ANGE,0,"1352 RANG ST-ANGE, STE-FOY",QUÉBEC,QUEBEC,,-5,46.76887,-71.40236,43,1/3/1991,10/31/2005
50310,QUÉBEC - COLLÈGE ST-CHARLES-GARNIER,1,1150 BOUL. RENE-LEVESQUE O.,QUÉBEC,QUEBEC,G1S 1V7,-5,46.794873,-71.246387,69,9/7/2000,
50311,QUÉBEC - ÉCOLE LES PRIMEVÈRES,1,"1465, RUE FELIX-ANTOINE-SAVARD",QUÉBEC,QUEBEC,G2G 1Z2,-5,46.774167,-71.369722,26,1/18/2005,
50313,QUÉBEC - HENRI-IV,1,AUTOROUTE HENRI IV NORD/SORTIE 138,QUÉBEC,QUEBEC,,-5,46.781321,-71.308717,52,12/31/2019,
50314,QUÉBEC - CHARLESBOURG,1,RUE DE L'INDRE,QUÉBEC,QUEBEC,,-5,46.861472,-71.257192,88,12/31/2020,
50404,SHERBROOKE - PARC-CAMBRON,0,"655, RUE PAPINEAU",SHERBROOKE,QUEBEC,J1E 1Y6,-5,45.41231,-71.8746,211,9/24/2003,2/23/2022
50405,SHERBROOKE - PARC SYLVIE-DAIGLE,1,360 RUE TERRILL,SHERBROOKE,QUEBEC,J1E 3S7,-5,45.414361,-71.882694,212,3/16/2023,
50504,SAGUENAY - UQAC,1,"789 BOUL DES ETUDIANTS, CHICOUTIMI",SAGUENAY,QUEBEC,G7H 6M3,-5,48.416374,-71.052412,82,9/24/2002,
50601,ROUYN-NORANDA - HOTEL DE VILLE,0,"100, RUE TASCHEREAU, E.",ROUYN-NORANDA,QUEBEC,,-5,48.23704,-79.01706,292,10/25/1974,9/9/1992
50602,ROUYN-NORANDA - ÉCOLE LOOSEMORE,0,218 RUE PORTAGE,ROUYN-NORANDA,QUEBEC,,-5,48.23333,-79.01139,299,10/29/1992,11/29/2002
50604,ROUYN-NORANDA - PARC TREMBLAY,1,1570 RUE PARADIS,ROUYN-NORANDA,QUEBEC,J9X 5V2,-5,48.234087,-78.982778,289,1/1/2001,
50701,SEPT-ÎLES - DE QUEN,0,"546, DEQUEN",SEPT-ÎLES,QUEBEC,,-5,50.20984,-66.38546,3,1/28/1975,9/30/1984
50702,SEPT-ÎLES,1,"675, RUE ANDRÉ MATHIEU",SEPT-ÎLES,QUEBEC,G4R 2B9,-5,50.216266,-66.385195,7,7/16/2024,
50801,TROIS-RIVIÈRES - URSULINES,0,FACE AU 678 RUE HART,TROIS RIVIÈRES,QUEBEC,G9A 4R8,-5,46.34806,-72.5375,11,7/1/1975,6/21/2011
50802,TROIS-RIVIÈRES - DES DRAVEURS,0,AVENUE DES DRAVEURS,TROIS RIVIÈRES,QUEBEC,G9A 4R8,-5,46.35103,-72.53904,11,9/1/2011,6/25/2014
50803,TROIS-RIVIÈRES - ÉCOLE MEES,1,RUE WHITEHEAD,TROIS RIVIÈRES,QUEBEC,G9A 3M1,-5,46.357175,-72.546187,12,8/1/2014,
50901,SAGUENAY - POWELL,0,"POWELL (ARVIDA), JONQUIERE",SAGUENAY,QUEBEC,,-5,48.43611,-71.19861,92,6/19/1975,9/29/1992
50902,SAGUENAY - PARC POWELL,1,"2885 BERTHIER (ARVIDA), JONQUIERE",SAGUENAY,QUEBEC,G7S 2J6,-5,48.43389,-71.18454,93,4/4/1989,
51001,SOREL-TRACY - LA FLÈCHE,0,"ECOLE LAVOIE, 3224 LA FLECHE, TRACY",SOREL-TRACY,QUEBEC,,-5,46.0175,-73.15889,11,1/1/1977,7/24/1984
51111,DRUMMONDVILLE - STADE JACQUES-DESAUTELS,1,875 RUE MARCHAND,DRUMMONDVILLE,QUEBEC,J2C 7S5,-5,45.871345,-72.50309,79,12/31/2021,
51201,SHAWINIGAN - SAINT-MARC,1,363 RUE FRIGON,SHAWINIGAN,QUEBEC,G9N 3X4,-5,46.55444,-72.73556,113,8/4/1977,
51301,BAIE-COMEAU - SAINTE-AMÉLIE,0,"39, RUE MARQUETTE",BAIE-COMEAU,QUEBEC,G4Z 1K4,-5,49.21916,-68.14829,37,7/26/1977,8/14/1983
51302,BAIE-COMEAU - CENTRE CULTUREL,0,"39, AVENUE MANCE",BAIE-COMEAU,QUEBEC,G4Z 1M6,-5,49.2175,-68.14722,48,1/1/1987,7/10/2001
51401,SAINT-ÉTIENNE-DE-BEAUHARNOIS,0,135 DUPUIS,SAINT-ÉTIENNE-DE-BEAUHARNOIS,QUEBEC,,-5,45.25,-73.91667,37,5/30/1984,10/13/1987
51501,SAINT-ZÉPHIRIN-DE-COURVAL,1,701 RANG SAINT-MICHEL,ST. ZÉPHIRIN-DE-COURVAL,QUEBEC,J0G 1V0,-5,46.04223333,-72.65976111,50,5/21/1987,
51601,ST-FRANÇOIS-ÎLE-D'ORLÉANS - ARGENTENAY,0,"POINTE D'ARGENTENAY, STE-FOY",ST-FRANÇOIS-ÎLE-D'ORLÉANS,QUEBEC,,-5,47.01667,-70.8,7,6/23/1987,10/13/1987
51701,SAINT-BARNABÉ,0,"2E RANG, ST-BARNABE-NORD",ST-BARNABÉ,QUEBEC,,-5,46.48333,-72.88333,123,5/20/1987,10/14/1987
51801,SAINT-JOSEPH-DE-SOREL - ÉCOLE MARTEL,0,FACE AU 113 LEON-XIII,SAINT-JOSEPH-DE-SOREL,QUEBEC,,-5,46.045,-73.12972,12,10/1/1992,12/31/2009
51802,SOREL -TRACY - VIEUX-SOREL,0,80 RUE GEORGE,SOREL-TRACY,QUEBEC,J3P 1C1,-5,46.04472,-73.11389,11,1/1/1998,12/31/2011
51901,FORESTVILLE - ROUTE 385,0,"15 KM, ROUTE 385",FORESTVILLE,QUEBEC,,-5,48.85583,-69.09778,170,9/23/1992,6/12/1997
52001,CHARETTE,1,AU NORD DU 170 2E RANG,CHARETTE,QUEBEC,G0X 1EO,-5,46.4416,-72.89241,114,1/1/1989,
52101,SAINT-RÉMI-2,0,"VOISIN DU 171, RANG ST-PAUL",SAINT-RÉMI,QUEBEC,,-5,45.20472,-73.64444,60,1/1/1992,4/30/1999
52201,SAINT-SIMON,0,"DERRIERE LE 83, 4E RANG EST",SAINT-SIMON,QUEBEC,J0H,-5,45.715614,-72.840249,38,4/6/1989,8/1/2023
52301,SAINT-FAUSTIN-LAC-CARRÉ,1,4507 CHEMIN DU LAC (CARIBOU),SAINT-FAUSTIN-LAC-CARRÉ,QUEBEC,J0T 1J2,-5,46.035,-74.48083,413,11/10/1989,
52401,PARC DE LA GATINEAU-LA PÊCHE,1,LAC PHILIPPE - MASHAM,LA PÊCHE,QUEBEC,J0X,-5,45.622378,-76.018046,191,4/17/1989,
52601,VARENNES - CH. DE LA BARONNIE,0,4744 MONTEE BARONIE,VARENNES,QUEBEC,,-5,45.722896,-73.376808,17,6/18/1994,10/5/2016
52602,VARENNES - RIEP,0,1870 ROUTE MARIE-VICTORIN,VARENNES,QUEBEC,J3X 1R3,-5,45.67417,-73.43833,11,1/1/2001,1/14/2011
52701,TEMISCAMING,0,RUE BOUCHER,TEMISCAMING,QUEBEC,,-5,46.721389,-79.099722,249,1/1/1998,12/31/2011
52801,AUCLAIR,1,66 RANG ST-GREGOIRE NORD,AUCLAIR,QUEBEC,G0L 1A0,-5,47.73333,-68.70722,301,5/1/1990,
52901,SAINT-CHARLES-GARNIER - CÔTE-OUIMET,0,RANG OUIMET,ST-CHARLES-GARNIER,QUEBEC,,-5,48.29417,-68.11361,419,6/20/1990,6/12/1997
53001,SAINTE-MARGUERITE-MARIE-2,0,343 CHEMIN KEMPT,CAUSAPSCAL,QUEBEC,G0J 1J0,-5,48.31778,-67.06833,465,3/1/1991,6/12/1997
53101,RIVIÈRE-ÉTERNITÉ-2,0,517 PRINCIPALE,RIVIÈRE-ÉTERNITÉ,QUEBEC,,-5,48.25222,-70.40833,223,10/23/1990,6/12/1997
53201,RÉS. F. ASHUAPMUSHUAN - PEMONCA ,1,ROUTE 167- LA DORE,LA DORÉ,QUEBEC,,-5,48.80972,-72.73889,222,10/1/1990,
53301,DESCHAMBAULT,1,"334, 3 E RANG - DESHAMBAULT",DESCHAMBAULT,QUEBEC,G0A 1S0,-5,46.682373,-71.965903,48,6/8/1991,
53401,SAINTE-CATHERINE-DE-LA-JACQUES-CARTIER,0,FACE AU 56 LAURIER,STE-CATH.-DE-J-CARTIER,QUEBEC,,-5,46.83694,-71.62278,126,4/10/1995,12/31/2011
53501,SAINT-FRANÇOIS-DE-LÎLE-D'ORLÉANS,0,"FACE AU 198,  ROYALE ÎLE D'ORLÉANS",ST-FRANÇOIS-ÎLE-D'ORLÉANS,QUEBEC,G0A 3S0,-5,47.015308,-70.862523,59,1/24/1989,7/17/2020
53601,NOTRE-DAME-DU-ROSAIRE,1,RANG ST-LOUIS,NOTRE-DAME-DU-ROSAIRE,QUEBEC,G0R 2H0,-5,46.84889,-70.45418,411,7/27/1989,
53701,SAINT-HILAIRE-DE-DORSET,1,RANG DORSET,ST-HILAIRE-DE-DORSET,QUEBEC,G0M 1C0,-5,45.82486111,-70.856025,497,8/1/1990,
53801,TINGWICK,1,CHEMIN DU RADAR ET WARWICK,TINGWICK,QUEBEC,J0A 1L0,-5,45.905785,-71.948695,243,4/1/1989,
53901,LAC-ÉDOUARD,0,DERRIERE L'HOPITAL VILLAGE,LAC-ÉDOUARD,QUEBEC,G0X,-5,47.64722,-72.29056,366,1/1/1991,11/11/2021
54001,FORÊT MONTMORENCY,0,MONTMORENCY,MONTMORENCY,QUEBEC,,-5,47.31667,-71.15,670,5/31/1988,12/31/1996
54101,SUTTON - CHEMIN PERKINS,0,SUTTON,SUTTON,QUEBEC,,-5,45.07637,-72.67639,242,12/6/1988,9/28/1993
54102,SUTTON - ROUND TOP RIDGE,0,MONT SUTTON/ROUND TOP RIDGE,SUTTON,QUEBEC,J0E 2K0,-5,45.08861,-72.55694,845,6/1/1996,4/10/2017
54201,CHAPAIS,1,CHAPAIS,CHAPAIS,QUEBEC,,-5,49.822282,-74.9764,381,6/10/1988,
54301,SAINTE-FRANÇOISE,0,408-12e RANG ET ROUTE 265,STE-FRANCOISE,QUEBEC,,-5,46.43333,-71.93333,103,2/26/1993,12/31/2002
54401,SAINT-ANICET,1,1128 DE LA GUERRE,SAINT-ANICET,QUEBEC,J0S 1M0,-5,45.120624,-74.2896,50,6/18/1994,
54501,L'ASSOMPTION,0,801 ST-ETIENNE/ROUTE 344,L'ASSOMPTION,QUEBEC,J5W 4M9,-5,45.80942,-73.43473,10,5/14/1996,7/12/2017
54601,MURDOCHVILLE - PARC LION,0,603 DES BOULEAUX,MURDOCHVILLE,QUEBEC,G0E 1W0,-5,48.95472,-65.49694,534,1/1/1998,2/1/2003
54703,BÉCANCOUR - HÔTEL-DE-VILLE,0,8310 BOUL. BECANCOUR,BECANCOUR,QUEBEC,G9H 3A5,-5,46.35,-72.43333,7,1/1/1998,12/31/2011
54801,EASTMAN - LAC STUKELY,0,CHEMIN MONTBEL,STUKELY-SUD,QUEBEC,,-5,45.365683,-72.265099,334,5/7/1989,9/13/2016
54901,LA PATRIE,1,CHEMIN DU PETIT-CANADA OUEST,DITTON,QUEBEC,,-5,45.37333,-71.250167,475,1/23/1991,
55001,MONT ST-MICHEL,1,215 4 IEME RANG DE GRAVEL,MONT SAINT-MICHEL,QUEBEC,J0W 1P0,-5,46.76866,-75.432728,256,1/19/1991,
55101,SENNETERRE,1,CHEMIN RIVIERE BELL,SENNETERRE,QUEBEC,J0Y,-5,48.431648,-77.196674,299,2/25/1992,
55201,LEMIEUX,0,1290 RTE DES ATOCAS,LEMIEUX,QUEBEC,G0X 1S0,-5,46.3037,-72.060685,92,9/9/1999,9/21/2016
55301,SAINT-JEAN-SUR-RICHELIEU - L'ACADIE,1,"FERME EXP., 1134 ROUTE 219",SAINT-JEAN-SUR-RICHELIEU,QUEBEC,J2Y 1C5,-5,45.29413,-73.34857,35,8/11/1999,
55401,TROIS RIVIÈRES - CAP-DE-LA-MADELEINE,0,"RUE ROY & DORVAL, CAP MAD.",TROIS RIVIÈRES,QUEBEC,G8Y 8B7,-5,46.362425,-72.51004167,10,1/1/2001,12/31/2011
55501,FRELIGHSBURG,0,FRELIGHSBURG,FRELIGHSBURG,QUEBEC,J0J 1C0,-5,45.041384,-72.856506,203,5/11/2005,11/29/2016
55502,FRELIGHSBURG-B,1,FRELIGHSBURG,FRELIGHSBURG,QUEBEC,J0J 1C0,-5,45.05006,-72.86161,235,1/1/2017,
55601,MINGAN,0,MINGAN,MINGAN,QUEBEC,G0G 1V0,-5,50.27136,-64.2265,14,6/23/2005,5/6/2017
55701,LÉVIS - CHARNY,0,"2254, ROTONDE, CHARNY",LÉVIS,QUEBEC,G6X 2L8,-5,46.709496,-71.26752,69,1/1/2006,11/18/2015
55702,LÉVIS - PARC GEORGES-MARANDA,1,200 RUE DES COMMANDEURS,LÉVIS,QUEBEC,G6V 8M6,-5,46.806029,-71.167506,106,12/31/2015,
55801,GRANBY - PARC POITEVIN,1,435 RUE REYNOLDS,GRANBY,QUEBEC,J2G 1C6,-5,45.418639,-72.730667,117,1/18/2022,
60101,OTTAWA - HYDRO BUILDING,0,88 SLATER ST.,OTTAWA,ONTARIO,K1P 5H1,-5,45.42111,-75.695,91,1/1/1974,12/31/2004
60104,OTTAWA DOWNTOWN - RIDEAU & WURTEMBURG,1,RIDEAU & WURTEMBURG,OTTAWA,ONTARIO,K1N 8L9,-5,45.43433,-75.676,68,1/1/1976,
60105,OTTAWA - NRC,0,NRC MONTREAL ROAD,OTTAWA,ONTARIO,,-5,45.44111,-75.61528,80,1/1/1980,12/31/1983
60106,OTTAWA  CENTRAL - 960 CARLING AVE,0,960 CARLING AVE (cow lane),OTTAWA,ONTARIO,K1A 0C6,-5,45.38287,-75.71387,79,1/1/2007,12/31/2017
60201,WINDSOR - MORTON TERMINAL DOCK,0,MORTON TERMINAL DOCK,WINDSOR,ONTARIO,,-5,42.26667,-83.09583,173,1/1/1974,4/25/1984
60203,WINDSOR - TECUMSEH WATER WORKS,0,9725 RIVERSIDE DR. EAST,WINDSOR,ONTARIO,N8P 1A2,-5,42.33806,-82.92722,175,1/8/1999,12/31/2000
60204,WINDSOR DOWNTOWN - 467 UNIVERSITY AVE. WEST,1,467 UNIVERSITY AVE. WEST,WINDSOR,ONTARIO,N9A 5R2,-5,42.315778,-83.043667,176,1/1/1974,
60211,WINDSOR WEST - COLLEGE & SOUTH ST. ,1,COLLEGE & SOUTH ST. / 928 SOUTH ST.,WINDSOR,ONTARIO,N9C 2X3,-5,42.292889,-83.073139,180,1/5/1975,
60212,WINDSOR - WRIGHT & WATER ST.,0,WRIGHT & WATER ST.,WINDSOR,ONTARIO,,-5,42.27583,-83.09667,173,1/1/1985,12/21/2000
60302,KINGSTON - 1,0,133 DALTON AVENUE,KINGSTON,ONTARIO,K7L 4X6,-5,44.23067,-76.50883,82,2/1/1976,12/31/2005
60303,KINGSTON - 2,0,752 KING ST. WEST,KINGSTON,ONTARIO,K7L 4X3,-5,44.220081,-76.52141,101,1/1/2007,12/31/2013
60304,KINGSTON - 3,1,Near 23 Beechgrove lane,KINGSTON,ONTARIO,K7M 9A6,-5,44.21987,-76.52113,84,12/31/2013,
60401,TORONTO - 67 COLLEGE ST.,0,67 COLLEGE STREET,TORONTO,ONTARIO,M5G 2M1,-5,43.66028,-79.3875,102,1/1/1974,6/18/1981
60402,TORONTO - ONTARIO SCIENCE CENTRE,0,770 DON MILLS RD. SC. CTR.,TORONTO,ONTARIO,M3C 1T3,-5,43.715,-79.34111,105,1/1/1974,3/3/1992
60403,ETOBIOKE SOUTH - EVANS & ARNOLD,0,EVANS & ARNOLD AVE.,TORONTO,ONTARIO,,-5,43.61917,-79.51833,101,1/1/1974,2/12/2001
60409,TORONTO - REDLAND CRESCENT,0,REDLAND CRESCENT,TORONTO,ONTARIO,,-5,43.70917,-79.2375,143,1/1/1976,2/21/1992
60410,TORONTO EAST,1,LAWRENCE & KENNEDY,TORONTO,ONTARIO,M1P 2K5,-5,43.74792,-79.27406,168,1/1/1974,
60411,TORONTO - PHARMACY & HWY 401,0,PHARMACY & HWY 401,TORONTO,ONTARIO,,-5,43.76902,-79.31463,172,1/1/1974,12/31/1978
60412,TORONTO - BATHURST & WILSON,0,BATHURST & WILSON,TORONTO,ONTARIO,,-5,43.73583,-79.43667,181,1/1/1976,5/28/1985
60413,ETOBICOKE WEST - CENTENNIAL PARK,0,ELMCREST ROAD,TORONTO,ONTARIO,,-5,43.64852,-79.59138,137,1/1/1976,1/13/2016
60414,TORONTO - SHERBOURNE & WILTON ST.,0,SHERBOURNE & WILTON ST.,TORONTO,ONTARIO,,-5,43.6475,-79.36778,78,11/1/1977,3/25/1986
60415,MISSISSAUGA - MISSISSAUGA HOSPITAL,0,QUEENSWAY W & HURONTARIO,MISSISSAUGA,ONTARIO,,-5,43.56862,-79.61058,98,1/1/1978,5/10/2004
60416,TORONTO - 381 YONGE ST.,0,381 YONGE STREET,TORONTO,ONTARIO,M5B 1S1,-5,43.66667,-79.38333,111,1/1/1979,9/7/1994
60417,TORONTO - 26 BREADALBANE ST. ,0,26 BREADALBANE STREET,TORONTO,ONTARIO,,-5,43.66083,-79.38583,102,6/15/1981,10/15/1990
60418,TORONTO - JUNCTION TRIANGLE,0,RUSKIN & PERTH ST.,TORONTO,ONTARIO,,-5,43.662933,-79.451538,119,3/20/1981,3/30/2006
60419,TORONTO - CN TOWER,0,CN TOWER,TORONTO,ONTARIO,,-5,43.65,-79.38333,108,7/1/1985,12/31/1995
60420,TORONTO - LEASIDE HYDRO STATION,0,LEASIDE HYDRO STATION,TORONTO,ONTARIO,,-5,43.7,-79.35,90,6/1/1988,4/16/1993
60421,TORONTO NORTH - YONGE ST. & HENDON AVE.,0,YONGE ST. & HENDON AVE.,TORONTO,ONTARIO,,-5,43.781584,-79.41773,190,6/1/1988,12/31/2016
60422,TORONTO - 33 EDGAR AVE.,0,33 EDGAR AVE.,TORONTO,ONTARIO,M9M 2J2,-5,43.71667,-79.53333,135,6/1/1988,4/25/1993
60423,TORONTO - CLEARVIEW HEIGHTS,0,CLEARVIEW HEIGHTS,TORONTO,ONTARIO,,-5,43.7,-79.48333,129,6/1/1988,12/31/2000
60424,TORONTO DOWNTOWN - BAY & WELLESLEY - 1,0,BAY & WELLESLEY,TORONTO,ONTARIO,,-5,43.66297,-79.38811,115,10/18/1990,12/31/2002
60425,TORONTO DOWNTOWN - QUEEN & UNIVERSITY,0,QUEEN & UNIVERSITY,TORONTO,ONTARIO,,-5,43.65028,-79.38694,90,11/10/1995,3/7/1999
60426,TORONTO - CLARKSON REFINERY,0,"MEADOW PK, APPLE LANE C C",TORONTO,ONTARIO,,-5,43.5075,-79.608333,77,7/2/1996,11/20/2000
60427,TORONTO - GAGE INSTITUTE,0,223 COLLEGE STREET,TORONTO,ONTARIO,M5T 1R4,-5,43.658222,-79.397183,122,,6/22/2014
60428,BRAMPTON - 525 MAIN ST. N.,0,525 MAIN ST. N./ PEEL MANOR,BRAMPTON,ONTARIO,L6X 1N9,-5,43.69875,-79.78092,229,6/21/2000,12/31/2016
60429,ETOBICOKE SOUTH - JUDSON ST. & ETONA CT.,0,1 ETONA COURT,TORONTO,ONTARIO,M8Z 1A4,-5,43.613587,-79.507537,90,2/27/2001,12/31/2012
60430,TORONTO WEST - 125 RESOURCES. RD.,1,125 RESOURCES ROAD,TORONTO,ONTARIO,M9P 3V6,-5,43.709444,-79.5435,141,1/1/2000,
60432,MISSISSAUGA - FRANK MCKECHNIE COMMERCIAL CENTRE,0,310 BRISTOL ROAD E.,MISSISSAUGA,ONTARIO,L4Z 3V5,-5,43.61583,-79.6525,165,5/11/2004,12/31/2007
60433,TORONTO DOWNTOWN - BAY & WELLESLEY - 2,0,BAY/WELLESEY ST.,TORONTO,ONTARIO,M5S 3L6,-5,43.66417,-79.38722,105,1/1/2003,10/11/2019
60434,MISSISSAUGA - 3359 MISSISSAUGA RD.,1,3359 MISSISSAUGA ROAD,MISSISSAUGA,ONTARIO,M3H 5T4,-5,43.54697,-79.65869,105,1/1/2008,
60435,ETOBICOKE SOUTH - 461 KIPLING AVENUE ,1,461 KIPLING AVENUE,TORONTO,ONTARIO,M8Z 5E7,-5,43.610761,-79.52194,92,1/3/2009,
60438,TORONTO - ROADSIDE - 401W,1,401W - 125 RESOURCES RD.,TORONTO,ONTARIO,M9P 3V6,-5,43.71110556,-79.543425,139,1/1/2016,
60439,TORONTO - ROADSIDE - WALLBERG,0,200 College Street,TORONTO,ONTARIO,M5S 3E5,-5,43.659018,-79.395385,63,11/30/2013,6/20/2019
60440,TORONTO NORTH - 4905 DUFFERIN ST. ,1,4905 Dufferin Street,TORONTO,ONTARIO,M3H 5T4,-5,43.78042,-79.46752,,1/1/2017,
60445,TORONTO DOWNTOWN - 55 JOHN ST. ,1,55 JOHN STREET,TORONTO,ONTARIO,M5V 3C6,-5,43.64543,-79.38908,85,6/21/2019,
60450,BRAMPTON - 109 MCLAUGHLIN RD. S.,1,109 McLaughlin Rd. S.,BRAMPTON,ONTARIO,L6Y 2C8,-5,43.669567,-79.76567,217,12/31/2016,
60501,HAMILTON - WOODLANDS PARK,0,BARTON & WENTWORTH,HAMILTON,ONTARIO,,-5,43.25917,-79.84389,83,1/1/1974,12/31/2000
60505,HAMILTON - NORTH PARK,0,NORTH PARK,HAMILTON,ONTARIO,,-5,43.28222,-79.78833,74,1/30/1974,10/30/1984
60511,HAMILTON - 467 BEACH BLVD.,0,467 BEACH BLVD.,HAMILTON,ONTARIO,,-5,43.275799,-79.781415,74,10/19/1984,12/31/2000
60512,HAMILTON DOWNTOWN - ELGIN & KELLY,1,ELGIN & KELLY,HAMILTON,ONTARIO,L8R 3N2,-5,43.25778,-79.86167,90,2/6/1987,
60513,HAMILTON MOUNTAIN - VICKERS RD. & EAST 18TH. ST.- 1,0,VICKERS RD. & EAST 18TH. ST.,HAMILTON,ONTARIO,L9A 1Y1,-5,43.22942,-79.86278,209,10/10/1985,12/31/2018
60514,HAMILTON - NASH RD. & KENTLEY DR.,0,NASH RD. & KENTLEY DR.,HAMILTON,ONTARIO,,-5,43.23333,-79.76667,84,2/1/1985,9/9/1996
60515,HAMILTON WEST - MAIN ST. & HWY 403,1,MAIN ST. & HWY 403,HAMILTON,ONTARIO,,-5,43.25744,-79.90775,96,7/4/1985,
60516,MILTON - HARBOUR BAY FRONT,0,HILLYARD STREET,MILTON,ONTARIO,,-5,43.48333,-79.91667,319,8/28/1999,2/24/2000
60517,HAMILTON - CONFEDERATION PARK,0,CONFEDERATION PARK,HAMILTON,ONTARIO,,-5,43.24722,-79.75111,74,8/28/1999,11/28/2002
60518,HAMILTON - HOMESIDE II,0,HOMESIDE II,HAMILTON,ONTARIO,L8H 5L1,-5,43.24917,-79.79472,81,3/7/2000,5/31/2000
60519,HAMILTON - NIAGARA & LAND ST.,0,NIAGARA & LAND STREET,HAMILTON,ONTARIO,L8L 6A7,-5,43.27,-79.84056,74,2/23/2000,12/31/2000
60521,HAMILTON MOUNTAIN - 250 FENNELL AVE W.,1,250 FENNELL AVE W.,HAMILTON,ONTARIO,L9C 1G3,-5,43.24132,-79.88941,195,1/1/2019,
60602,HAMILTON - ASH ST.,0,ASH STREET,SUDBURY,ONTARIO,P3C 4E5,-5,46.49472,-81.00778,290,1/2/1974,12/31/2000
60606,SUDBURY - KENNEDY ST.,0,KENNEDY STREET,SUDBURY,ONTARIO,P3A 2E1,-5,46.52333,-80.9425,272,1/1/1977,12/21/2000
60607,SUDBURY - SCIENCE CENTRE NORTH ,0,100 RAMSEY LAKE RD.,SUDBURY,ONTARIO,P3E 5S9,-5,46.47569,-80.96294,263,8/1/1984,12/31/2004
60609,SUDBURY - RAMSEY LAKE RD. ,0,1222 RAMSEY LAKE ROAD,SUDBURY,ONTARIO,P3E 6J7,-5,46.47567,-80.963,259,6/28/2004,12/31/2012
60610,SUDBURY - APPLEGROVE ST. / BIRCH ST.,1,APPLEGROVE ST. / BIRCH ST.,SUDBURY,ONTARIO,P3C 1N3,-5,46.49194,-81.00311,271,1/1/2013,
60704,SAULT STE. MARIE - QUEEN & ELGIN,0,QUEEN & ELGIN,SAULT STE. MARIE,ONTARIO,,-5,46.51194,-84.33333,183,1/5/1977,2/22/1983
60705,SAULT STE. MARIE - 550 QUEEN ST. WEST,0,550 QUEEN STREET WEST,SAULT STE. MARIE,ONTARIO,P6A 1A6,-5,46.51944,-84.35556,187,1/18/1978,3/7/1980
60706,SAULT STE. MARIE - FARWELL PUMP HOUSE,0,FARWELL PUMP HOUSE,SAULT STE. MARIE,ONTARIO,,-5,46.52917,-84.36111,188,2/22/1983,4/6/1987
60707,SAULT STE. MARIE - WM. MERRIFIELD SCHOOL ,0,331 PATRICK ST.,SAULT STE. MARIE,ONTARIO,P6C 3Y9,-5,46.52786,-84.35432,188,2/1/1987,12/31/2003
60708,SAULT STE. MARIE - BONNEY ST. PUMPHOUSE,0,BONNEY STREET,SAULT STE. MARIE,ONTARIO,,-5,46.51667,-84.38333,183,1/1/2000,9/25/2001
60709,SAULT STE. MARIE - SAULT COLLEGE ,1,"443 NORTHERN AVE., SAULT COLLEGE",SAULT STE. MARIE,ONTARIO,P6B 4J1,-5,46.53319,-84.30992,244,1/1/2004,
60806,THUNDER BAY - 435 JAMES SOUTH,0,435 JAMES S.,THUNDER BAY,ONTARIO,P7E 6S7,-5,48.37778,-89.29028,196,1/1/1976,11/6/1986
60807,THUNDER BAY - 615 JAMES ST. SOUTH,1,615 JAMES STREET SOUTH,THUNDER BAY,ONTARIO,P7E 6P6,-5,48.37303,-89.29157,197,10/29/1986,
60809,THUNDER BAY - 421 JAMES ST. SOUTH ,0,421 JAMES STREET SOUTH,THUNDER BAY,ONTARIO,P7E 6S8,-5,48.37939,-89.29017,192,1/1/2004,9/24/2024
60901,LONDON - QUEEN'S PARK,0,KING & RECTORY,LONDON,ONTARIO,,-5,42.98917,-81.22417,205,1/1/1974,6/27/1995
60903,LONDON - HIGHBURY AVE. ,0,900 HIGHBURY AVENUE,LONDON,ONTARIO,N5Y 1A4,-5,43.00672,-81.20642,273,7/4/1995,3/5/2013
60904,LONDON - 42 ST. JULIEN ST. ,1,42 ST. JULIEN STREET,LONDON,ONTARIO,N5Z 2M5,-5,42.97446,-81.20086,244,12/31/2012,
61001,SARNIA - 156 VICTORIA ST.,0,156 VICTORIA STREET,SARNIA,ONTARIO,,-5,42.97306,-82.40611,183,1/1/1974,12/29/1978
61004,SARNIA - CENTENNIAL PARK ,0,FRONT ST. AT C.N. TRACKS/CENTENNIAL PARK,SARNIA,ONTARIO,N7T 7N8,-5,42.98228,-82.40508,182,7/20/1978,12/31/2015
61005,SARNIA - MTC SHED,0,CON. RD 26 MANDAUMIN,SARNIA,ONTARIO,,-5,42.95,-82.2,206,1/1/1980,12/31/2001
61007,AAMJIWNAANG,1,1300 TASHMOO AVE./ LASALLE LINE,SARNIA,ONTARIO,N7T 8E5,-5,42.912545,-82.416816,180,8/16/2008,
61009,SARNIA - 700 CHRISTINA ST. NORTH ,1,700 Christina St. N.,SARNIA,ONTARIO,N7V 3C2,-5,42.990263,-82.395341,182,4/6/2016,
61103,PETERBOROUGH - 500 GEORGE ST.,0,500 GEORGE STREET,PETERBOROUGH,ONTARIO,K9H 3R9,-5,44.30889,-78.32056,205,1/1/1977,6/19/1997
61104,PETERBOROUGH - 10 HOSPITAL DR.,1,10 HOSPITAL DRIVE,PETERBOROUGH,ONTARIO,K9J 8M1,-5,44.30183333,-78.34638611,226,12/1/1998,
61201,CORNWALL - MEMORIAL PARK,1,BEDFORD & THIRD ST.,CORNWALL,ONTARIO,K6J 4C2,-5,45.0179806,-74.7353139,55,1/1/1975,
61301,ST. CATHARINES - NORTH ST. & GENEVA ST.,0,NORTH ST. & GENEVA ST.,ST. CATHARINES,ONTARIO,,-5,43.16472,-79.23917,107,5/7/1976,9/29/1986
61302,ST. CATHARINES - ARGYLE CRES.,1,62 ARGYLE CRESCENT/ PUMP STN.,ST. CATHARINES,ONTARIO,L2P 2P4,-5,43.16006,-79.23475,105,7/31/1987,
61401,BRANTFORD - DALHOUSIE & QUEEN,0,DALHOUSIE & QUEEN,BRANTFORD,ONTARIO,,-5,43.13928,-80.26588,212,1/21/1976,5/26/1980
61402,BRANTFORD - 324 GRAND RIVER AVE.,1,324 GRAND RIVER AVE.,BRANTFORD,ONTARIO,N3T 1K2,-5,43.13861,-80.29264,205,1/1/2004,
61501,KITCHENER - WEBER PARK,0,EDNA & FREDERICK,KITCHENER,ONTARIO,,-5,43.45778,-80.47222,327,8/5/1976,12/31/2014
61502,KITCHENER - WEST AVE. & HOMEWOOD,1,WEST AVE. & HOMEWOOD,KITCHENER,ONTARIO,N2M 1X1,-5,43.44383,-80.50381,325,7/5/1990,
61601,OAKVILLE - REBECCA & WOODSIDE,0,REBECCA & WOODSIDE,OAKVILLE,ONTARIO,,-5,43.4175,-79.69917,84,1/1/1977,3/11/1980
61602,OAKVILLE - BRONTE RD. & WOBURN CRES. ,0,BRONTE RD. & WOBURN CRES.,OAKVILLE,ONTARIO,,-5,43.400621,-79.727495,90,4/9/1980,10/14/2006
61603,OAKVILLE - 8TH LINE/GLENASHTON DR. ,1,"8TH LINE AND GLENASHTON DR., HALTON RESERVOIR",OAKVILLE,ONTARIO,L6H 7E7,-5,43.48692,-79.70228,165,5/29/2003,
61701,OSHAWA - RITSON RD. & OLIVE AVE. ,0,RITSON RD. & OLIVE AVE.,OSHAWA,ONTARIO,,-5,43.88908,-78.84996,99,1/10/1979,12/31/2008
61702,OSHAWA - DURHAM COLLEGE ,0,2000 SIMCOE STREET NORTH,OSHAWA,ONTARIO,L1H 7K4,-5,43.94594,-78.89492,155,4/29/2005,12/31/2017
61703,OSHAWA - BRITANNIA AVE. WEST ,1,"BRITANNIA AVE W, UofONTARIO PROPERTY",OSHAWA,ONTARIO,L1L 0L6,-5,43.95222,-78.9125,49,1/29/2018,
61801,GUELPH - FARQUHAR & WYNDHAM,0,FARQUHAR & WYNDHAM,GUELPH,ONTARIO,,-5,43.54333,-80.24667,332,8/21/1980,12/31/1985
61802,GUELPH - EXHIBITION PARK ARENA,1,EXHIBITION PARK & CLARK ST. W.,GUELPH,ONTARIO,N1H 1R3,-5,43.55163611,-80.26415556,330,1/16/1986,
61901,WALPOLE ISLAND,0,WALPOLE ISLAND,WALPOLE ISLAND,ONTARIO,,-5,42.53833,-82.41111,174,1/22/1988,3/22/1995
61902,CHATHAM-KENT - BARK CREEK/WALLACEBURG,0,8147 MEADOWVALE LINE,CHATHAM-KENT,ONTARIO,,-5,42.53558,-82.3897,175,12/18/2005,12/29/2012
62001,NORTH BAY - DND - CHIPPEWA ST.,1,540 CHIPPEWA ST. W./Dept. of National Defence,NORTH BAY,ONTARIO,P1B 9E7,-5,46.32323,-79.44928,219,1/1/1988,
62101,HURON PARK - COLLEGE OF AGRIC.,0,COLLEGE OF AGRIC.,HURON PARK,ONTARIO,,-5,43.28333,-81.5,251,1/1/1980,11/9/1991
62201,MERLIN - MOE WATER PUMP STN.,0,MOE WATER PUMP STN.,MERLIN,ONTARIO,,-5,42.24407,-82.22301,191,1/1/1980,12/31/2004
62401,PARKHILL - PUC BUILDING,0,PUC BLDG.,PARKHILL,ONTARIO,,-5,43.16667,-81.68333,203,7/22/1983,12/31/2001
62501,TIVERTON - BRUCE NUCLEAR VISITOR CENTRE,1,BRUCE NUCLEAR VISITOR CTR,TIVERTON,ONTARIO,N0G 2T0,-5,44.31447,-81.54972,226,1/1/1980,
62601,SIMCOE - EXPERIMENTAL FARM,1,EXPERIMENTAL FARM,SIMCOE,ONTARIO,N3Y 4K3,-5,42.85685,-80.26964,236,1/1/1980,
62701,LONG POINT - PRONVINCIAL PARK,0,PROVINCIAL PARK,LONG POINT,ONTARIO,,-5,42.58333,-80.38333,173,1/1/1980,12/31/2001
62801,WATERLOO - WEBER & UNIVERSITY,0,WEBER & UNIVERSITY,WATERLOO,ONTARIO,,-5,43.48333,-80.51667,320,6/1/1988,12/31/1991
62901,NIAGARA FALLS - ALLENDALE AVE.,0,ALLENDALE AVE.,NIAGARA FALLS,ONTARIO,,-5,43.08333,-79.08333,196,5/18/1988,10/28/1993
62902,NIAGARA FALLS - STANLEY/HWY 405,0,STANLEY/HWY 405,NIAGARA FALLS,ONTARIO,,-5,43.1,-79.08333,182,10/29/1993,9/9/1996
63001,BURLINGTON - HWY 2 & NORTH SHORE BLVD.,1,"NORTH SHORE BLVD E. AND LAKESHORE RD.,",BURLINGTON,ONTARIO,L7S 1A8,-5,43.314575,-79.80275556,78,1/1/1980,
63101,ALLISTON - 509 VICTORIA ST. E.,0,509 VICTORIA STREET E.,ALLISTON,ONTARIO,,-5,44.15,-79.85,219,6/26/1981,8/25/1994
63201,STOUFFVILLE - YORK REGION - HWY 47 & HWY 48,0,HWY 47 & HWY 48,STOUFFVILLE,ONTARIO,,-5,43.96458,-79.26607,257,1/1/1980,12/31/2005
63301,DORSET - HWY 117 & PAINT LAKE RD.,1,DISTRICT ROAD 117 AND PAINT LAKE RD.,DORSET,ONTARIO,P0A,-5,45.224278,-78.932944,318,4/14/1981,
63401,HAWKEYE LAKE,0,HAWKEYE LAKE,HAWKEYE LAKE,ONTARIO,,-5,48.66667,-89.48333,437,6/13/1983,12/31/1991
63501,HIGH FALLS,0,HIGH FALLS ROAD,HIGH FALLS,ONTARIO,,-5,46.3807,-81.5448,219,10/1/1984,5/2/1986
63601,LONGWOODS CONS. AUTHORITY,1,LONGWOODS CONS. AUTHORITY,LONGWOODS,ONTARIO,N0L,-5,42.88333,-81.48333,240,2/18/1988,
63701,GRAND BEND - POINT BLAKE CONSERVATION AUTHORITY,1,POINT BLAKE CONSERVATION AREA,GRAND BEND,ONTARIO,N0M 1T0,-5,43.33318611,-81.74282222,185,1/1/1993,
63801,NANTICOKE - NANTICOKE VILLAGE,0,RAINHAM RD (NEAR STELCO GATE),NANTICOKE,ONTARIO,,-5,42.81667,-80.08333,185,1/13/1993,5/8/1994
63802,NANTICOKE - SOUTH WALPOLE,0,"WALPOLE S. PS, SANDUSK RD.",NANTICOKE,ONTARIO,,-5,42.83333,-80.03333,190,1/25/1993,5/9/1994
63901,CLOUD RIVER,0,CLOUD RIVER,CLOUD RIVER,ONTARIO,,-5,48.15,-89.45,274,1/1/1993,7/26/1996
64001,EXPERIMENTAL LAKES AREA,1,EXP. LAKES AREA,EXP. LAKES AREA,ONTARIO,,-6,49.66389,-93.72111,369,5/9/1988,
64101,ALGOMA,0,ALGOMA,ALGOMA,ONTARIO,,-5,47.03361,-84.37889,411,5/17/1988,5/8/2024
64102,SEARCHMONT,1,103 SEARCHMONT RESORT ROAD,SEARCHMONT,ONTARIO,P0S 1J0,-5,46.765945,-84.033624,418,12/7/2023,
64201,CHALK RIVER,0,CHALK RIVER,CHALK RIVER,ONTARIO,,-5,46.06278,-77.40472,184,5/17/1988,4/23/1997
64301,LONGWOODS,0,LONGWOODS,LONGWOODS,ONTARIO,,-5,42.88472,-81.48056,239,5/6/1988,5/31/1990
64401,EGBERT,1,EGBERT,EGBERT,ONTARIO,L0L 1N0,-5,44.23106,-79.7831,253,7/26/1988,
64501,FORT FRANCES - PORTAGE/ CHRUCH ST.,0,PORTAGE/CHURCH ST.,FORT FRANCES,ONTARIO,,-6,48.61667,-93.4,340,7/26/1993,12/31/1996
64502,FORT FRANCES - ROBERT MOORE P.S.,0,ARMIT AVE. & FORTH ST. E.,FORT FRANCES,ONTARIO,,-6,48.63333,-93.38333,342,1/7/1997,12/31/2000
64601,PT. PETRE,0,PT. PETRE,PT. PETRE,ONTARIO,,-5,43.839897,-77.155138,74,8/25/1996,7/2/2011
64701,WASAGA BEACH,0,1385 RIVER ROAD,WASAGA BEACH,ONTARIO,,-5,44.564645,-79.99407,175,6/9/2000,9/29/2000
65001,BARRIE - OLD PUC,1,83 PERRY STREET,BARRIE,ONTARIO,L4N 2G4,-5,44.38231389,-79.70243056,226,12/1/2001,
65101,NEWMARKET - EAGLE ST. & MCAFFREY RD.,1,EAGLE ST. & McCAFFREY RD.,NEWMARKET,ONTARIO,L3X 1K3,-5,44.04431,-79.48325,268,6/1/2001,
65201,PARRY SOUND - 7 BAY ST.,1,7 BAY STREET,PARRY SOUND,ONTARIO,P2A 1S4,-5,45.33786,-80.03817,176,4/1/2001,
65301,PORT STANLEY - ELGIN WATER TREATMENT PLANT,1,43665 DEXTER LINE,PORT STANLEY,ONTARIO,N0L 2L0,-5,42.67208,-81.16289,212,6/5/2002,
65401,BELLEVILLE - WATER TREATMENT PLANT,1,2 SIDNEY STREET,BELLEVILLE,ONTARIO,K8P 3Y7,-5,44.15053,-77.3955,75,8/1/2002,
65501,BURNT ISLAND,0,BURNT ISLAND,BURNT ISLAND,ONTARIO,,-5,45.8081,-82.9508,182,9/18/2003,6/8/2011
65601,ESSEX - 360 FAIRVIEW AVE. W.,0,360 FAIRVIEW AVE. W.,ESSEX,ONTARIO,N8M 1Y6,-5,42.16,-82.83333,193,10/24/2003,12/31/2008
65701,MORRISBURG - COUNTY RD. 2,0,COUNTY RD.2 / MORRISGURG WATER TOWER,MORRISBURG,ONTARIO,K0C 1X0,-5,44.89975,-75.18994,69,1/1/2005,12/31/2014
65801,CHATHAM - 435 GRAND AVENUE W.,1,435 GRAND AVENUE W.,CHATHAM,ONTARIO,N7L 3Z4,-5,42.40369,-82.20831,179,1/1/2005,
65901,PICKLE LAKE,1,PICKLE LAKE,PICKLE LAKE,ONTARIO,,-5,51.44814,-90.21786,393,3/9/2006,
66001,FRASERDALE,0,FRASERDALE,FRASERDALE,ONTARIO,,-5,49.88333,-81.56666,167,1/27/2005,7/27/2007
66101,BONNER LAKE,1,BONNER LAKE,MOONBEAM,ONTARIO,P0L 1V0,-5,49.386389,-82.121389,245,11/8/2006,
66201,PETAWAWA - 1227 CLOUTHIER RD.,0,"PETAWA FOREST RESERVE FACILITIES, 1227 CLOUTHIER RD",PETAWAWA,ONTARIO,K0J 1J0,-5,45.996722,-77.441194,174,1/1/2007,1/1/2022
67001,MILTON - 1120 MAIN ST EAST,1,1120 MAIN ST EAST,MILTON,ONTARIO,L9T 6H7,-5,43.52965,-79.862449,206,1/1/2019,
70101,270 OSBORNE STREET,0,270 OSBORNE STREET,WINNIPEG,MANITOBA,R3C 1V7,-6,49.87381,-97.14167,227,1/1/1974,12/20/1977
70102,PORTAGE & WOODLAWN,0,PORTAGE & WOODLAWN,WINNIPEG,MANITOBA,R3J 0L3,-6,49.87778,-97.23333,232,1/1/1974,2/7/1980
70103,HARTFORD & MAIN,0,HARTFORD & MAIN,WINNIPEG,MANITOBA,R2V 0W3,-6,49.93639,-97.11775,236,1/4/1974,1/15/1976
70104,UNION STOCK YARDS,0,UNION STOCK YARDS,WINNIPEG,MANITOBA,R2J 0K4,-6,49.88,-97.08556,226,1/1/1974,9/24/1979
70118,SCOTIA,1,299 SCOTIA ST.,WINNIPEG,MANITOBA,R2V 1W3,-6,49.93207,-97.11317,227,1/24/1976,
70119,ELLEN,1,65 ELLEN STREET,WINNIPEG,MANITOBA,R3A 0Z8,-6,49.89799,-97.14653,229,1/24/1978,
70121,301 WESTON STREET,0,301 Weston,WINNIPEG,MANITOBA,R3E 3H4,-6,49.8,-97.1,227,1/21/1995,3/7/1995
70201,11TH ST. & PRINCESS AVE.,0,11TH ST. & PRINCESS AVE.,BRANDON,MANITOBA,R7A 0P9,-6,49.84693,-99.95258,379,2/19/1974,2/28/1978
70202,12TH ST. & HILL AVE.,0,12TH ST. & HILL AVE.,BRANDON,MANITOBA,,-6,49.83187,-99.95402,388,3/1/1978,9/14/1979
70203,BRANDON,1,1430 VICTORIA AVENUE EAST (Assiniboine Community College),BRANDON,MANITOBA,R7A 2A9,-6,49.83918,-99.9206,385,1/1/1987,
70301,FLIN FLON,1,143 MAIN STREET,FLIN FLON,MANITOBA,R8A 1K2,-6,54.76852,-101.87747,339,1/1/2002,
70501,THOMPSON WESTWOOD,0,48 THOMPSON DRIVE N,THOMPSON,MANITOBA,R8N 0C5,-6,55.74719,-97.87353,205,1/1/2011,6/23/2020
80108,REGINA - 12TH,0,12TH AVENUE & SMITH ST.,REGINA,SASKATCHEWAN,,-6,50.39889,-104.61389,577,1/1/1974,6/1/1978
80109,REGINA - 1620 ALBERT,0,1620 ALBERT STREET,REGINA,SASKATCHEWAN,S4P 2S6,-6,50.45306,-104.61778,584,6/5/1978,6/25/1986
80110,REGINA - 11TH,0,2505 11TH. AVENUE,REGINA,SASKATCHEWAN,S4P 0K6,-6,50.45017,-104.61722,585,10/1/1986,6/16/2014
80111,REGINA - 1621 ALBERT,1,1621 ALBERT ST.,REGINA,SASKATCHEWAN,S4P 2S5,-6,50.4527,-104.616,585,1/15/2011,
80202,SASKATOON - CITY LIBRARY,0,4TH AVE. & 23RD ST.,SASKATOON,SASKATCHEWAN,,-6,52.12964,-106.65959,478,1/1/1974,3/29/1979
80209,SASKATOON - IDYLWYLD,0,IDYLWYLD DR. & 33RD ST.,SASKATOON,SASKATCHEWAN,,-6,52.14333,-106.66889,504,4/3/1979,11/2/1992
80211,SASKATOON - CORMAN PARK,1,511 1ST AVENUE NORTH,SASKATOON,SASKATCHEWAN,S7K 1X5,-6,52.13613,-106.66293,483,11/6/1992,
80301,MOOSEJAW - FAIRFORD,0,FAIRFORD ST. & 1ST AVE.,MOOSEJAW,SASKATCHEWAN,,-6,50.39444,-105.53833,581,1/1/1974,6/6/1983
80401,PRINCE ALBERT - 1ST,0,1257 - 1ST AVE. EAST,PRINCE ALBERT,SASKATCHEWAN,,-6,53.20306,-105.75278,455,5/21/1975,4/16/1995
80402,PRINCE ALBERT - 12TH,1,63 - 12TH STREET EAST,PRINCE ALBERT,SASKATCHEWAN,S6V 1C6,-6,53.201694,-105.75203,436,1/1/2005,
80501,ESTEVAN - 1,0,1 ST. & 14TH AVE.,ESTEVAN,SASKATCHEWAN,S4A 0M5,-6,49.14083,-103.00111,565,3/27/1984,4/9/1996
80502,ESTEVAN - 1a,1,528 1a STREET,ESTEVAN,SASKATCHEWAN,S4A 0C4,-6,49.13235,-102.98499,563,2/3/2017,
80601,LLOYDMINSTER - 44TH,0,44TH ST. & 48TH AVE.,LLOYDMINSTER,SASKATCHEWAN,,-7,53.27833,-110,646,1/1/1984,4/2/1996
80701,CORONACH,0,SE CORNER OF CORONACH,CORONACH,SASKATCHEWAN,,-6,49.11667,-105.51667,786,5/23/1991,3/29/1992
80801,PENSE,0,324 NORTH FRONT ST.,PENSE,SASKATCHEWAN,,-6,50.34861,-104.98333,581,5/7/1992,8/29/1993
80901,BRATT'S LAKE,1,RADIATION OBSERVATORY,BRATT'S LAKE,SASKATCHEWAN,,-6,50.20081,-104.71072,595,5/5/1998,
81001,SWIFT CURRENT,1,1200 BEGG ST. W,SWIFT CURRENT,SASKATCHEWAN,S9H 0G8,-6,50.285833,-107.81689,753,1/1/2009,
82001,PINEHOUSE LAKE,1,REMOTE STATION,PINEHOUSE LAKE,SASKATCHEWAN,,-6,55.50333,-106.72167,510,1/1/2016,
82002,BUFFALO NARROWS,1,BUFFALO NARROWS FOREST PROTECTION BASE,BUFFALO NARROWS,SASKATCHEWAN,S0M 0J0,-6,55.834566,-108.403332,425,1/1/2017,
82101,FLAT VALLEY,1,FLAT VALLEY,FLAT VALLEY,SASKATCHEWAN,S0M 1A0,-6,54.29489,-109.20947,506,2/11/2016,
90114,EDMONTON - 109TH ST. & 98TH AVE.,0,109TH ST. & 98TH AVENUE,EDMONTON,ALBERTA,T5K 0C8,-7,53.53555,-113.50896,666,1/1/1974,12/2/1976
90120,EDMONTON - SOUTH,0,6240 113 STREET,EDMONTON,ALBERTA,T6H 3L2,-7,53.50022,-113.526056,681,9/21/2005,12/31/2021
90121,EDMONTON - EAST,1,17 STREET & 105 AVENUE,EDMONTON,ALBERTA,T6P 1R2,-7,53.54823,-113.36811,670,1/1/1974,
90122,EDMONTON - NORTHWEST,0,13335 127 ST,EDMONTON,ALBERTA,T5L 1B5,-7,53.59472,-113.53889,678,1/1/1974,12/31/2010
90130,EDMONTON - CENTRAL,0,10255 - 104TH STREET,EDMONTON,ALBERTA,T5J 1B1,-7,53.54445,-113.49884,663,12/3/1976,12/31/2020
90131,SHERWOOD PARK - BROADMOOR BLVD.,0,BROADMOOR BLVD,SHERWOOD PARK,ALBERTA,,-7,53.53194,-113.32056,717,1/1/2001,2/29/2004
90132,EDMONTON - MCINTYRE,1,4946-89 STREET,EDMONTON,ALBERTA,T6E 5K1,-7,53.486,-113.4646,682,9/26/2006,
90133,EDMONTON - WOODCROFT,1,13915 115 AVENUE NW,EDMONTON,ALBERTA,T5M 4B6,-7,53.564411,-113.562583,670,1/1/2014,
90134,SHERWOOD PARK,1,OTTWELL HOUSE PARK,SHERWOOD PARK,ALBERTA,T8A 4G9,-7,53.532092,-113.320983,709,5/1/2015,
90135,ARDROSSAN,1,3 AVENUE,ARDROSSAN,ALBERTA,T8E 2A2,-7,53.554691,-113.144905,707,6/1/2015,
90136,ST. ALBERT,1,37 SUNSET BLVD,ST. ALBERT,ALBERTA,T8N 0N6,-7,53.626908,-113.611883,681,4/6/2016,
90140,EDMONTON - MCCAULEY,1,9619 - 105A AVENUE NW,EDMONTON,ALBERTA,T5H 2H6,-7,53.5495,-113.4859,1100,1/1/2020,
90141,EDMONTON-LENDRUM,1,11313 - 61 AVENUE NW,EDMONTON,ALBERTA,T6H 1J5,-7,53.4978,-113.527,671,12/1/2021,
90204,CALGARY - 316 7TH AVE.,0,316-7TH AVENUE,CALGARY,ALBERTA,,-7,51.045,-114.04861,1044,8/28/1984,4/27/1987
90218,CALGARY - EAST,0,49 AVENUE & 15TH STREET S.E.,CALGARY,ALBERTA,,-7,51.00943,-114.02542,1029,1/1/1974,4/28/2011
90219,CALGARY - 620 7TH AVE. S.W.,0,620-7TH AVENUE S.W.,CALGARY,ALBERTA,,-7,51.04694,-114.07472,1048,1/1/1974,4/30/1979
90220,CALGARY - 26 AVE. & 4 ST. N.W.,0,26 AVE. & 4 STREET N.W.,CALGARY,ALBERTA,,-7,51.07606,-114.07148,1090,1/1/1974,6/30/1974
90222,CALGARY - NORTHWEST,0,39 ST. & 29 AVE. N.W.,CALGARY,ALBERTA,T3B 2V3,-7,51.079222,-114.141828,1120,7/10/1974,5/29/2018
90227,CALGARY - CENTRAL ,0,611-4TH STREET S.W.,CALGARY,ALBERTA,,-7,51.04778,-114.07556,1044,5/1/1979,2/14/2008
90228,CALGARY - CENTRAL - 2,0,620 7TH ave SW,CALGARY,ALBERTA,T2P 0Y8,-7,51.04701,-114.07564,1050,1/1/2008,3/30/2015
90229,CALGARY - SOUTHEAST,1,4700 110 AVENUE SE,CALGARY,ALBERTA,T2C 2T7,-7,50.955122,-113.969742,1032,4/10/2014,
90230,CALGARY - CENTRAL - INGLEWOOD,1,2425 9th Ave SE,CALGARY,ALBERTA,T2G 0V7,-7,51.0309,-114.0091,1038,4/6/2015,
90235,CALGARY - VARSITY,1,3303 - 33 STREET NW,CALGARY,ALBERTA,T2L 2A7,-7,51.082655,-114.138827,1100,6/1/2018,
90250,AIRDRIE,1,CHINOOK WINDS PARK,AIRDRIE,ALBERTA,T0M 0E0,-7,51.26807778,-114.0377944,1090,4/1/2017,
90302,RED DEER - RIVERSIDE,1,73 STREET & RIVERSIDE DRIVE,RED DEER,ALBERTA,T4P 4C2,-7,52.29867,-113.79352,858,1/1/2000,
90304,RED DEER - LANCASTER,1,11 LANCASTER DRIVE,RED DEER,ALBERTA,T4R 2X1,-7,52.24095,-113.765439,907,1/1/2015,
90402,MEDICINE HAT - CRESCENT HEIGHTS,1,12TH ST NW & DIVISION AVE.,MEDICINE HAT,ALBERTA,T1A 6A4,-7,50.04893,-110.68116,709,1/1/2004,
90451,BROOKS - MEADOWPLACE,1,1601 2 AVE E,BROOKS,ALBERTA,T1R1B9,-7,50.558969,-111.863769,748.1,8/1/2024,
90502,LETHBRIDGE,1,28 STREET & 12 AVENUE N.,LETHBRIDGE,ALBERTA,T1H 5K9,-7,49.71621,-112.8006,918,10/1/2003,
90601,FORT SASKATCHEWAN,1,9209A-96 AVE,FORT SASKATCHEWAN,ALBERTA,T8L 1E7,-7,53.69874,-113.22285,628,7/1/1986,
90602,RANGE RD. 220,1,RGE RD 220 & RIVER ROAD,FORT SASKATCHEWAN,ALBERTA,T8L 4G1,-7,53.75236,-113.12589,625,1/1/2004,
90603,ROSS CREEK,1,100 AVE EAST OF 109ST.,FORT SASKATCHEWAN,ALBERTA,T8L 0A9,-7,53.71622,-113.19994,620,1/1/2004,
90604,SCOTFORD,0,RGE RD 214 TWP RD 560,FORT SASKATCHEWAN,ALBERTA,,-7,53.79142,-113.07867,648,1/1/2004,3/31/2014
90605,STATION 401,0,HWY 636 RGE RD 223,FORT SASKATCHEWAN,ALBERTA,,-7,53.7107,-113.16461,619,1/1/2004,3/30/2010
90606,BRUDERHEIM,0,,BRUDERHEIM,ALBERTA,,-7,53.7999878,-112.92781,632,4/7/2010,2/29/2016
90607,GIBBONS,1,behind 4807 50 Ave,GIBBONS,ALBERTA,T0A 1N0,-7,53.827241,-113.327174,673,2/3/2016,
90608,REDWATER,1,4704-49 ave,REDWATER,ALBERTA,T0A 2W0,-7,53.95183,-113.105857,627,10/18/2017,
90609,BRUDERHEIM - 1,1,5321 48 Street,BRUDERHEIM,ALBERTA,T0B 0S0,-7,53.805629,-112.925851,630,4/1/2016,
90701,FORT MCMURRAY - ATHABASCA VALLEY,1,MACDONALD DR.,FORT MCMURRAY,ALBERTA,T9H 4H1,-7,56.73341,-111.39047,260,7/1/1986,
90702,FORT MCMURRAY - PATRICIA MCINNES,1,TIMBERLEA SUBDIVISION,FORT MCMURRAY,ALBERTA,T9K 2H5,-7,56.75139,-111.47662,355,1/1/1999,
90703,MILLENNIUM MINE,0,,FORT MCMURRAY,ALBERTA,,-7,56.969267,-111.40065,340,1/1/2005,8/28/2015
90801,FORT MCKAY - BERTHA GANTER,1,MAIN STREET,FORT MCKAY,ALBERTA,,-7,57.18941,-111.6405,268,1/1/1991,
90802,LOWER CAMP,1,LOWER CAMP,FORT MCKAY,ALBERTA,,-7,57.02681,-111.5007,247,1/1/2004,
90803,MILDRED LAKE,0,SYNCRUDE AIRSTRIP,FORT MCKAY,ALBERTA,,-7,57.05,-111.56444,313,1/1/2001,12/31/2015
90804,MANNIX,1,MANNIX,FORT MCKAY,ALBERTA,,-7,56.96791,-111.4824,331,1/1/2001,
90805,BUFFALO VIEWPOINT,1,BUFFALO VIEWPOINT,FORT MCKAY,ALBERTA,,-7,56.99647,-111.59295,336,1/1/2001,
90806,FORT MCKAY - SOUTH,1,4-13-094-11 W4,FORT MCKAY,ALBERTA,,-7,57.1492,-111.6424,342,1/1/2004,
90807,WAPASU CREEK,1,LOCATED OUSTIDE APPROVAL BOUNDARIES AT PTI CAMP,WAPASU,ALBERTA,T9H,-7,57.26176,-111.037,429,1/1/2015,
90808,STONY MOUNTAIN,1,1-33-076-08 W4,CONKLIN,ALBERTA,,-7,55.621408,-111.17269,673,4/1/2016,
90809,CONKLIN,1,FATHER MERCREDIS TRAIL,CONKLIN,ALBERTA,,-7,55.632331,-111.078872,562,1/1/2022,
90901,ROYAL PARK,0,ROYAL PARK,VEGREVILLE,ALBERTA,,-7,53.57528,-112.19389,656,4/1/1993,12/31/2014
91001,ESTHER,0,ESTHER,ESTHER,ALBERTA,T0J 1H0,-7,51.66975,-110.20653,707,7/11/1994,11/4/2015
91101,ELK ISLAND,1,NATIONAL PARK,ELK ISLAND,ALBERTA,T8L 4B6,-7,53.68238,-112.86812,714,2/1/2002,
91201,HIGHTOWER RIDGE,0,SE 11 54 2 W6,HIGHTOWER RIDGE,ALBERTA,,-7,53.64675,-118.17837,1500,1/1/1997,7/10/2012
91301,TOMAHAWK,0,SE 2 51 6 W5,TOMAHAWK,ALBERTA,,-7,53.37255,-114.76835,789,1/29/1997,9/30/2022
91401,VIOLET GROVE,0,SE 17 48 08 W5,VIOLET GROVE,ALBERTA,T0E,-7,53.14222,-115.13806,1000,1/1/1997,8/24/2021
91501,BEAVERLODGE,1,BEAVERLODGE RESEARCH FARM,BEAVERLODGE,ALBERTA,T0H 0C0,-7,55.19634,-119.39682,762,1/1/1998,
91601,CARROT CREEK,1,SE 31 53 13 W5,CARROT CREEK,ALBERTA,T0E 0G0,-7,53.621062,-115.869155,800,5/1/1998,
91701,STEEPER,1,NE 12 48 22 W5,STEEPER,ALBERTA,,-7,53.1325,-117.09111,1400,1/1/1998,
91801,FORT CHIPEWYAN,1,FORT CHIPEWYAN,FORT CHIPEWYAN,ALBERTA,T0P 1P0,-7,58.70879,-111.17683,238,1/1/1999,
91901,CAROLINE,1,16-30-034-5 W5,CAROLINE,ALBERTA,T0M 1C0,-7,51.94687,-114.69744,1140,8/5/2000,
92001,GRANDE PRAIRIE - HENRY PIRKER,1,10327 - 107 AVENUE,GRANDE PRAIRIE,ALBERTA,T8V 1M4,-7,55.1766,-118.8078,658,2/1/2004,
92101,ALBIAN MINE SITE,0,,BITUMOUNT,ALBERTA,,-7,57.2808,-111.5257,291,1/1/2004,12/31/2012
92102,MUSKEG RIVER,0,,BITUMOUNT,ALBERTA,,-7,57.24933,-111.5085,291,1/1/2010,12/31/2015
92201,LAMONT COUNTY,0,RGE RD 203 & TWP RD 550,LAMONT,ALBERTA,T0B 2R0,-7,53.76036,-112.88017,767,1/1/2004,10/31/2022
92202,LAMONT,1,4848 49 street (behind),LAMONT,ALBERTA,T0B 2R0,-7,53.75733,-112.778,652,11/8/2022,
92301,REDWATER - INDUSTRIAL,0,"HWY 643, SOUTH of TWP RD 564",REDWATER,ALBERTA,T0A 2W0,-7,53.84369,-113.09922,631,1/1/2004,12/31/2016
92401,ACME - GRAINGER,0,RANGE ROAD 244,GRAINGER,ALBERTA,T0M 0L0,-7,51.48377,-113.33185,844,6/9/2005,12/31/2005
92601,BRETON,1,Hwy 20,BRETON,ALBERTA,T0C 0P0,-7,53.0903,-114.46061,900,4/1/2005,
92801,DRAYTON VALLEY,1,48 AVE,DRAYTON VALLEY,ALBERTA,T7A 1J7,-7,53.220024,-114.984207,858,2/2/2005,
92901,EDSON,1,7 AVE,EDSON,ALBERTA,T7E 1B5,-7,53.593771,-116.395822,894,1/1/2005,
93001,EVERGREEN PARK,0,,GRANDE PRAIRIE,ALBERTA,,-7,55.1172,-118.7647,645,3/1/2005,10/31/2021
93005,DUNES,1,705032 Range Rd 60,GRANDE PRAIRIE,ALBERTA,T8V 3A1,-7,55.10224,-118.77256,660,1/1/2022,
93101,GENESEE,1,RANGE ROAD 15,GENESEE,ALBERTA,T0C 2M0,-7,53.3016,-114.2211,772,1/1/2005,
93202,HINTON - DRINNAN,1,PRIVATE ROAD,HINTON,ALBERTA,T7V 2G3,-7,53.427301,-117.544067,1215,1/1/2005,
93205,HINTON - HILLCREST,1,134 SEABOLT DRIVE,HINTON,ALBERTA,T7V1K2,-7,53.392757,-117.584645,1076,9/1/2022,
93301,JAMES RIVER - EAST,0,RANGE ROAD 33,CREMONA,ALBERTA,T0M 0R0,-7,51.5437,-114.361,1045,1/6/2005,12/31/2014
93401,LACOMBE,0,,BEISEKER,ALBERTA,T0M 0G0,-7,51.2853,-113.4376,850,10/6/2005,1/10/2006
93501,LIBERTY PARK,0,,PINE LAKE,ALBERTA,,-7,52.1249,-113.4921,884,2/3/2005,12/31/2014
93601,LIMESTONE MOUNTAIN - RAVEN,0,,ROCKY MOUNTAIN,ALBERTA,,-7,51.93045,-115.42796,2106,4/7/2005,7/18/2005
93701,MALMO,0,TOWNSHIP ROAD 402,MIRROR,ALBERTA,T0B 3C0,-7,52.4302,-113.1045,823,3/10/2005,11/8/2005
93801,MEADOWS,1,RANGE ROAD 34,WARBUG,ALBERTA,T0C 2T0,-7,53.53,-114.6361,753,1/1/2005,
93901,POWER,1,RANGE ROAD 35,THORSBY,ALBERTA,T0E 0A0,-7,53.633,-114.4199,774,1/1/2005,
94001,SMOKY HEIGHTS,1,GOODWIN ROAD,DEBOLT,ALBERTA,T0H 1B0,-7,55.402658,-118.280945,638,4/1/2005,
94101,SUNDRE TOWNSITE,0,RANGE ROAD 34,MADDEN,ALBERTA,T0M 1L0,-7,51.4845,-114.3752,1085,1/1/2005,1/13/2005
94201,WAGNER,0,RANGE ROAD 24,SUNNYBROOK,ALBERTA,T0C 2M0,-7,53.3845,-114.4086,750,1/1/2005,1/19/2009
94202,WAGNER - 2,1,TOWNSHIP ROAD 514 & RANGE ROAD 33A,SUNNYBROOK,ALBERTA,T0E 2H0,-7,53.4243,-114.3749,684,1/1/2010,
94301,COLD LAKE - SOUTH,1,15 AVE,COLD LAKE,ALBERTA,T9M 1T6,-7,54.41401389,-110.2329389,556,1/1/2007,
94401,ST. LINA,1,NORTH OF TOWNSHIP ROAD 604 ON AB-867,ST LINA,ALBERTA,T0A 2Z0,-7,54.2165,-111.5026,679,1/1/2010,
94500,JOUSSARD,1,,JOUSSARD,ALBERTA,T0G 0V0,-7,55.34625,-115.89975,670,5/29/2018,
94601,ANZAC,1,264 STONY MOUNTAIN RD.,ANZAC,ALBERTA,T0P 1J0,-7,56.44928,-111.03722,497,1/23/2006,
94701,JANVIER,1,TEED AVENUE AND NOKOHOO ROAD,JANVIER,ALBERTA,,-7,55.903242,-110.749744,471,1/1/2022,
100103,NEW WESTMINSTER,1,SHERBROOKE AND COLUMBIAN STREETS,METRO VANCOUVER - NEW WESTMINSTER,BRITISH COLUMBIA,V3L 3L5,-8,49.227045,-122.894487,45,11/1/2015,
100105,VANCOUVER - 739 WEST HASTINGS ST.,0,739 WEST HASTINGS STREET,METRO VANCOUVER - VANCOUVER,BRITISH COLUMBIA,,-8,49.28557,-123.11412,34,1/1/1974,1/31/1975
100106,VANCOUVER - 2294 WEST 10TH AVE.,0,2294 WEST 10TH AVENUE,METRO VANCOUVER - VANCOUVER,BRITISH COLUMBIA,V6K 2H8,-8,49.2625,-123.15611,45,1/1/1974,1/22/1986
100108,VANCOUVER - MARPOLE,0,250 WEST 70TH AVENUE,METRO VANCOUVER - VANCOUVER,BRITISH COLUMBIA,V5X 2X1,-8,49.20972,-123.11389,7,1/1/1974,5/6/1993
100109,VANCOUVER - BC HYDRO,0,HORNBY/SMYTHE,METRO VANCOUVER - VANCOUVER,BRITISH COLUMBIA,,-8,49.28111,-123.12361,41,2/1/1975,3/31/1980
100110,BURNABY - KENSINGTON PARK,1,700 HAMMARSKJOLD DRIVE,METRO VANCOUVER - BURNABY,BRITISH COLUMBIA,V5B 3Z9,-8,49.279214,-122.970707,104,3/1/1975,
100111,PORT MOODY - ROCKY POINT PARK,1,MOODY STREET & ESPLANADE AVENUE,METRO VANCOUVER - PORT MOODY,BRITISH COLUMBIA,V3H 3R5,-8,49.280893,-122.849291,6,5/25/1977,
100112,VANCOUVER - DOWNTOWN,1,ROBSON/HORNBY,METRO VANCOUVER - VANCOUVER,BRITISH COLUMBIA,V6Z 2C5,-8,49.282272,-123.12188,32,3/25/1980,
100118,VANCOUVER - KITSILANO,0,2550 WEST 10TH AVENUE,METRO VANCOUVER - VANCOUVER,BRITISH COLUMBIA,V6K 2J6,-8,49.261672,-123.163472,34,11/18/1986,5/21/2014
100119,BURNABY - SOUTH,1,5455 RUMBLE STREET,METRO VANCOUVER - BURNABY,BRITISH COLUMBIA,V5J 2B7,-8,49.21519,-122.985666,122,1/1/1995,
100120,BURNABY - CONFEDERATION PARK,0,PANDORA & ALPHA ST. BURNABY,METRO VANCOUVER - BURNABY,BRITISH COLUMBIA,,-8,49.28333,-122.99778,80,5/1/1982,8/31/1999
100121,NORTH VANCOUVER - SECOND NARROWS,1,75 RIVERSIDE DR.,METRO VANCOUVER - NORTH VANCOUVER,BRITISH COLUMBIA,V7H 1T5,-8,49.301472,-123.020417,4,5/1/1982,
100122,PORT MOODY - ANMORE,0,ELEMENTARY ROAD ANMORE,METRO VANCOUVER - PORT MOODY,BRITISH COLUMBIA,,-8,49.31111,-122.85833,153,5/1/1982,1/6/1998
100123,WEST VANCOUVER - LIONS GATE,0,WEST END WELSH ROAD  WEST VAN.,METRO VANCOUVER - VANCOUVER,BRITISH COLUMBIA,,-8,49.31806,-123.13472,4,5/1/1982,9/30/1993
100124,PORT MOODY - EAGLE RIDGE,0,475 GUILDFORD WAY PORT MOODY,METRO VANCOUVER - PORT MOODY,BRITISH COLUMBIA,V3H 3W9,-8,49.28472,-122.82389,36,5/1/1982,8/18/1999
100125,DELTA - NORTH,1,8544 116TH St.,METRO VANCOUVER - DELTA,BRITISH COLUMBIA,V4C 5V6,-8,49.158348,-122.90173,113,4/1/1984,
100126,BURNABY - BURNABY MOUNTAIN,1,"SFU, University Dr. W.",METRO VANCOUVER - BURNABY,BRITISH COLUMBIA,V5A 1S6,-8,49.279809,-122.922267,360,6/1/1984,
100127,SURREY - EAST,1,72ND AVE. and 190 St.,METRO VANCOUVER - SURREY,BRITISH COLUMBIA,V4N 5Z8,-8,49.132928,-122.694224,79,12/22/1983,
100128,RICHMOND - SOUTH,1,10371 ARAGON RD,METRO VANCOUVER - RICHMOND,BRITISH COLUMBIA,V7A 3E8,-8,49.141437,-123.108215,4,7/1/1986,
100129,PORT COQUITLAM - NORTH,0,HAMILTON & PAISLEY,METRO VANCOUVER - PORT COQUITLAM,BRITISH COLUMBIA,,-8,49.28,-122.73417,3,6/8/1987,12/31/1999
100130,BURNABY - BURNABY LAKE,0,SPERLING & LAUREL ST.,METRO VANCOUVER - BURNABY,BRITISH COLUMBIA,,-8,49.2875,-122.96167,4,5/2/1986,9/30/1992
100131,NORTH VANCOUVER - SEYMOUR FALLS,0,SEYMOR FALLS NORTH VANCOUVER,METRO VANCOUVER - VANCOUVER,BRITISH COLUMBIA,,-8,49.44,-122.97139,229,1/1/1986,9/30/2004
100132,NORTH VANCOUVER - MAHON PARK,1,16TH ST. & JONES AVE,METRO VANCOUVER - NORTH VANCOUVER,BRITISH COLUMBIA,V7M 2Y4,-8,49.323994,-123.083496,71,5/23/1990,
100133,BURNABY - BURMOUNT,1,7815 SHELLMONT,METRO VANCOUVER - BURNABY,BRITISH COLUMBIA,V5A 4H5,-8,49.266702,-122.935471,101,3/18/1990,
100134,RICHMOND - VANCOUVER INTL. AIRPORT,1,3153 TEMPLETON STREET,METRO VANCOUVER - RICHMOND,BRITISH COLUMBIA,V7B 1G6,-8,49.186265,-123.152422,1,2/1/1998,
100135,COQUITLAM - DOUGLAS COLLEGE,1,1250 PINETREE WAY,METRO VANCOUVER - COQUITLAM,BRITISH COLUMBIA,V3B 7X3,-8,49.288265,-122.79157,38,10/1/2000,
100136,BURNABY - CAPITOL HILL,1,GROSVENOR CRESENT,METRO VANCOUVER - BURNABY,BRITISH COLUMBIA,,-8,49.287869,-122.98563,200,1/1/1998,
100137,BURNABY - NORTH,1,ETON AND MADISON AVE. BURNABY,METRO VANCOUVER - BURNABY,BRITISH COLUMBIA,V5C 1K4,-8,49.287483,-123.007975,70,6/9/1999,
100138,WEST VANCOUVER - HORSESHOE BAY,1,6350 MARINE DRIVE,METRO VANCOUVER - WEST VANCOUVER,BRITISH COLUMBIA,V7W 2S5,-8,49.36861,-123.276741,65,4/19/2002,
100140,TSAWWASSEN,1,411 MILSOM WYND,METRO VANCOUVER - DELTA,BRITISH COLUMBIA,V4M 3P1,-8,49.009877,-123.081997,52,5/6/2010,
100141,VANCOUVER - CLARK DR. ROADSIDE,1,1290 EAST 11TH AVE.,METRO VANCOUVER - VANCOUVER,BRITISH COLUMBIA,V5T 2G3,-8,49.260267,-123.077776,30,5/1/2015,
100143,AGASSIZ - 7170 CHEAM AVE.,1,7170 CHEAM AVENUE,AGASSIZ,BRITISH COLUMBIA,V0M 1A0,-8,49.238008,-121.762264,23,12/31/2013,
100144,VANCOUVER - PANDORA PARK,1,2325 FRANKLIN STREET,METRO VANCOUVER - VANCOUVER,BRITISH COLUMBIA,V5L 1S2,-8,49.28229,-123.05761,156,3/20/2023,
100145,AGASSIZ - CENTENNIAL PARK,1,6660 PIONEER AVENUE,AGASSIZ,BRITISH COLUMBIA,V0M 1A3,-8,49.238356,-121.774783,56,7/9/2024,
100201,PRINCE GEORGE - POST OFFICE,0,POST OFFICE,PRINCE GEORGE,BRITISH COLUMBIA,,-8,53.91891,-122.74461,574,9/10/1975,10/18/1979
100202,PRINCE GEORGE - PLAZA 400,1,"Plaza 400, 1011 4TH AVENUE",PRINCE GEORGE,BRITISH COLUMBIA,V2L 3H9,-8,53.91472,-122.74194,588,1/1/1995,
100203,PRINCE GEORGE - BC RAIL WAREHOUSE,0,1108 INDUSTRIAL WAY,PRINCE GEORGE,BRITISH COLUMBIA,V2N 5S1,-8,53.87111,-122.74361,595,9/28/1996,11/6/2015
100205,PRINCE GEORGE - GLADSTONE SCHOOL,0,GLADSTONE SCHOOL,PRINCE GEORGE,BRITISH COLUMBIA,,-8,53.85784722,-122.7614222,617,1/1/1998,11/12/2015
100209,PRINCE GEORGE - GLENVIEW SCHOOL,0,7310 CLUFF,PRINCE GEORGE,BRITISH COLUMBIA,V2K 2M3,-8,53.99556,-122.77556,736,1/1/1999,2/14/2001
100210,PRINCE GEORGE - CBC TRANSMITTER,0,,PRINCE GEORGE,BRITISH COLUMBIA,,-8,53.90333,-122.70361,733,1/1/2005,10/16/2020
100211,PRINCE GEORGE - JAIL,1,775 E HIGHWAY 16,PRINCE GEORGE,BRITISH COLUMBIA,,-8,53.90800833,-122.7133444,616,1/1/2005,
100212,PRINCE GEORGE - MARSULEX ACID PLANT,0,"Marsulex Acid Plant, 8901 Penn Road",PRINCE GEORGE,BRITISH COLUMBIA,V2N 5T6,-8,53.8416,-122.7344,604,1/1/2010,12/31/2020
100213,PRINCE GEORGE - DENICOLA RANCH,0,1885 Foreman Road,PRINCE GEORGE,BRITISH COLUMBIA,,-8,53.9353,-122.6814,581,7/21/2010,11/1/2012
100214,PRINCE GEORGE - EXPLORATION PLACE,0,333 Becott Place,PRINCE GEORGE,BRITISH COLUMBIA,,-8,53.9053,-122.7344,576,7/21/2010,11/1/2012
100301,VICTORIA - POLICE STATION,0,625 FISGARD ST.,VICTORIA,BRITISH COLUMBIA,V8W 1R7,-8,48.42945,-123.36624,11,1/1/1974,12/29/1978
100302,VICTORIA - 1106 COOK ST.,0,1106 COOK ST.,VICTORIA,BRITISH COLUMBIA,V8V 3Z9,-8,48.42361,-123.35278,30,2/4/1975,3/31/1983
100303,VICTORIA - 1250 QUADRA ST.,0,1250 QUADRA ST.,VICTORIA,BRITISH COLUMBIA,V8W 2K7,-8,48.425,-123.35833,25,4/1/1983,10/29/1997
100304,VICTORIA - TOPAZ,1,"SJ WILLIS SCHOOL, 923 TOPAZ AVE.",VICTORIA,BRITISH COLUMBIA,V8T 2M2,-8,48.441942,-123.363165,29,5/1/1998,
100307,COLWOOD - ROYAL ROADS UNIVERSITY,0,2005 SOOKE ROAD,COLWOOD,BRITISH COLUMBIA,V9B 5Y2,-8,48.43038,-123.46964,6,1/1/2001,12/31/2008
100308,COLWOOD - CITY HALL,1,3300 WISHART ROAD,COLWOOD,BRITISH COLUMBIA,V9C 1R1,-8,48.42369,-123.49432,86,2/1/2000,
100312,ESQUIMALT - GRAVING DOCK,0,825 ADMIRALS ROAD,ESQUIMALT,BRITISH COLUMBIA,,-8,48.43694,-123.58833,299,1/1/2005,9/17/2013
100313,LANGFORD - DOGWOOD SCHOOL,0,2720 JACHLIN ROAD,LANGFORD,BRITISH COLUMBIA,,-8,48.45306,-123.50333,110,1/1/2005,6/30/2009
100314,SAANICH - STELLYS CROSS RD.,0,TSARTLIP BAND PROPERTY,SAANICH,BRITISH COLUMBIA,,-8,48.58028,-123.44278,65,9/16/2003,12/31/2009
100315,VICTORIA - CHRISTOPHER POINT,0,DND PROPERTY AT ROCKY POINT,VICTORIA,BRITISH COLUMBIA,,-8,48.30944,-123.56194,0,9/8/2005,12/31/2008
100316,LANGFORD - LAKEWOOD ELEMENTARY SCHOOL,0,2363 SETCHFIELD AVENUE,LANGFORD,BRITISH COLUMBIA,,-8,48.46577,-123.50765,120,2/13/2007,12/31/2009
100317,VICTORIA - JAMES BAY DANIELS ELECTRONICS,0,43 ERIE STREET,VICTORIA,BRITISH COLUMBIA,V8V 1P8,-8,48.4208,-123.3828,22,4/12/2011,12/12/2013
100318,VICTORIA - JAMES BAY THE REEF,0,21 ERIE ST.,VICTORIA,BRITISH COLUMBIA,V8V 5A8,-8,48.42141667,-123.3841778,0,12/31/2014,12/31/2019
100401,KAMLOOPS - FEDERAL BUILDING,1,317 SEYMOUR ST.,KAMLOOPS,BRITISH COLUMBIA,V2C 2E8,-8,50.67477,-120.334016,381,4/1/1978,
100402,KAMLOOPS - BROCKLEHURST,0,1578 Tranquille Road,KAMLOOPS,BRITISH COLUMBIA,,-8,50.7025,-120.394,348,1/1/1995,6/2/2011
100601,PENTICTON - 400 CARMI AVE.,0,400 CARMI AVE.,PENTICTON,BRITISH COLUMBIA,V2A 3G5,-8,49.48472,-119.58333,364,4/1/1984,5/31/1987
100606,PENTICTON - DEBECK RD.,1,1213 DEBECK ROAD,PENTICTON,BRITISH COLUMBIA,V2A 8R3,-8,49.4914,-119.5715,397,12/1/2024,
100701,KELOWNA - COLLEGE,0,3333 COLLEGE WAY,KELOWNA,BRITISH COLUMBIA,V1Y 4X8,-8,49.862336,-119.477367,347,7/1/1987,6/12/2019
100702,KELOWNA - 1000 KLO RD.,0,1000 KLO ROAD,KELOWNA,BRITISH COLUMBIA,V1Y 4X8,-8,49.86222,-119.4775,349,9/14/2006,12/29/2007
100703,KELOWNA - 1450 KLO RD.,1,1450 KLO Road,KELOWNA,BRITISH COLUMBIA,V1W 3Z4,-8,49.862119,-119.467461,350,9/11/2019,
100801,KEREMEOS,0,702-4TH STREET,KEREMOS,BRITISH COLUMBIA,V0X 1N3,-8,49.20457,-119.83018,417,8/1/2008,12/18/2009
101001,ABBOTSFORD - AIRPORT - 1,0,AIRPORT,ABBOTSFORD,BRITISH COLUMBIA,,-8,49.03056,-122.37611,61,8/1/1982,1/3/1992
101002,ABBOTSFORD - DOWNTOWN,0,33660 SOUTH FRASER HIGHWAY,ABBOTSFORD,BRITISH COLUMBIA,,-8,49.04944,-122.2925,48,3/1/1992,9/15/1998
101003,ABBOTSFORD - MILL LAKE,1,32995 BEVAN AVE.,ABBOTSFORD,BRITISH COLUMBIA,V2S 4S5,-8,49.042579,-122.309821,58,9/18/1998,
101004,ABBOTSFORD - AIRPORT - 2,0,31790 WALMSLEY AVENUE,ABBOTSFORD,BRITISH COLUMBIA,V2T 6G6,-8,49.0325,-122.35306,59,1/22/2002,4/15/2010
101005,ABBOTSFORD - AIRPORT - 3,1,1073 COLUMBIA STREET,ABBOTSFORD,BRITISH COLUMBIA,V2T 5X9,-8,49.021554,-122.326523,65,2/21/2012,
101101,CHILLIWACK - AIRPORT,1,46360 AIRPORT ROAD,METRO VANCOUVER - CHILLIWACK,BRITISH COLUMBIA,V2P 1A5,-8,49.155848,-121.940279,12,8/1/1982,
101201,PITT MEADOWS - AIRPORT,0,AIRPORT,METRO VANCOUVER - PITT MEADOWS,BRITISH COLUMBIA,,-8,49.21278,-122.70778,4,5/21/1985,3/6/1996
101202,PITT MEADOWS - 18477 DEWDNY TRUNK RD.,1,18477 DEWDNY TRUNK,METRO VANCOUVER - PITT MEADOWS,BRITISH COLUMBIA,V3Y 1Z1,-8,49.245233,-122.70889,5,2/2/1998,
101301,LANGLEY - CENTRAL,1,23752 52ND AVENUE,METRO VANCOUVER - LANGLEY,BRITISH COLUMBIA,V2Z 2P3,-8,49.095613,-122.567104,88,6/3/1992,
101401,HOPE - AIRPORT,1,62715 AIRPORT ROAD,METRO VANCOUVER - HOPE,BRITISH COLUMBIA,V0X 1L2,-8,49.369887,-121.499122,40,8/19/1996,
101501,MAPLE RIDGE - GOLDEN EARS ELEM. SCHOOL,1,23124 118TH AVENUE,METRO VANCOUVER - MAPLE RIDGE,BRITISH COLUMBIA,V2X 2N1,-8,49.214939,-122.582057,50,2/5/1998,
101601,SQUAMISH - GOVERNMENT BUILDING,0,38075 2ND AVENUE,SQUAMISH,BRITISH COLUMBIA,V8B 0C3,-8,49.700098,-123.154216,20,7/5/1995,12/31/2015
101603,SQUAMISH - SQUAMISH ELEMETARY SCHOOL,1,38370 Buckley Avenue,SQUAMISH,BRITISH COLUMBIA,V8B 0A7,-8,49.70516,-123.15133,6,12/15/2015,
101701,QUESNEL - SENIOR SECONDARY,0,585 CALLANAN STREET,QUESNEL,BRITISH COLUMBIA,V2J 2V3,-8,52.981686,-122.493227,490,1/1/1995,4/30/2020
101702,QUESNEL - MAPLE DR.,0,950 MOUNTAIN ASH ROAD,QUESNEL,BRITISH COLUMBIA,V2J 3V7,-8,52.96306,-122.45056,614,5/24/1995,6/17/2015
101703,QUESNEL - PINECREST CENTRE,0,501 PINECREST ROAD,QUESNEL,BRITISH COLUMBIA,,-8,53.00417,-122.5125,524,6/9/1995,12/31/2005
101704,QUESNEL - CORRELIEU SCHOOL,0,CORRELIEU SCHOOL,QUESNEL,BRITISH COLUMBIA,,-8,52.9664,-122.5167,478,11/22/2000,12/31/2013
101705,QUESNEL - KINCHANT ST.,0,,QUESNEL,BRITISH COLUMBIA,V2J 7J5,-8,52.97951,-122.49364,,5/7/2020,11/3/2021
101706,QUESNEL - JOHNSTON AVE.,1,322 JOHNSTON AVE,QUESNEL,BRITISH COLUMBIA,V2J 3M5,-8,52.96936,-122.4934,505,11/5/2021,
101801,CRESTON - PC SCHOOL,0,PRINCE CHARLES SECONDARY SCHOOL,CRESTON,BRITISH COLUMBIA,,-8,49.09440556,-116.50505,607,1/1/1995,9/10/2015
101803,CRESTON - PIPER FARMS,0,CANADA/US BORDER,CRESTON,BRITISH COLUMBIA,,-8,49.01194,-116.53333,539,6/8/2005,7/1/2009
101901,CRANBROOK - PR3,0,ADJACENT TO 1333 14TH AVENUE S,CRANBROOK,BRITISH COLUMBIA,,-8,49.51,-115.75917,922,1/1/1995,11/29/1998
101904,CRANBROOK - MURIEL BAXTER,1,"3RD ST SOUTH, 20 AVE SOUTH",CRANBROOK,BRITISH COLUMBIA,V1C 3G1,-8,49.302582,-115.451314,941,8/21/2018,
102001,SATURNA,1,GULF ISLAND NATIONAL PARK RESERVE,SATURNA ISLAND,BRITISH COLUMBIA,V0N 2Y0,-8,48.77524,-123.12821,178,5/28/1991,
102102,NANAIMO - LABIEUX RD. - GOV BLDG,1,2080A LABIEUX ROAD,NANAIMO,BRITISH COLUMBIA,V9T 6J9,-8,49.20083,-123.99389,121,1/1/1998,
102103,NANAIMO - HARMAC CEDAR WOOBANK,1,1624 WOOBANK RD,NANAIMO,BRITISH COLUMBIA,V9X 1M8,-8,49.11301111,-123.8489972,25,4/1/2000,
102201,TRAIL - BUTLER PARK,1,1875 COLUMBIA AVE.,TRAIL,BRITISH COLUMBIA,V1R 4T8,-8,49.096218,-117.697828,422,12/16/1994,
102202,TRAIL - WEST,0,TRAIL WEST,TRAIL,BRITISH COLUMBIA,,-8,49.0933,-117.6981,404,1/1/1998,12/31/2000
102210,TRAIL - COLUMBIA GARDENS AIRPORT,1,8995 HIGHWAY 22A,TRAIL,BRITISH COLUMBIA,V1R 4W6,-8,49.046405,-117.60711,0,12/31/2014,
102220,TRAIL - WARFIELD ELEMENTARY,0,395 SCHOFIELD HIGHWAY,TRAIL,BRITISH COLUMBIA,V1R 2G5,-8,49.0952,-117.7469,0,12/31/2014,12/31/2020
102225,TRAIL - WARFIELD HALEY PARK,1,100 BINGAY ROAD,TRAIL,BRITISH COLUMBIA,V1R 2J9,-8,49.09729,-117.74366,600,10/27/2022,
102230,TRAIL - BIRCHBANK GOLF COURSE,1,S END,TRAIL,BRITISH COLUMBIA,,-8,49.157855,-117.73312,0,1/1/2016,
102301,POWELL RIVER - CRANBERRY LAKE,0,WILDLIFE SANCTUARY,POWELL RIVER,BRITISH COLUMBIA,V8A 3W9,-8,49.866905,-124.521819,209,7/14/1996,1/31/2018
102302,POWELL RIVER - WILDWOOD MOTORS,0,6105 LUND ST.,POWELL RIVER,BRITISH COLUMBIA,V8A 4T1,-8,49.886894,-124.558104,136,1/1/2001,1/31/2018
102303,POWELL RIVER - JAMES THOMSON SCHOOL,0,6388 SUTHERLAND DRIVE,POWELL RIVER,BRITISH COLUMBIA,V8A 4W4,-8,49.889299,-124.5624,125,1/1/2009,8/8/2023
102401,SMITHERS - ST. JOSEPHS,0,4020 BROADWAY AVENUE,SMITHERS,BRITISH COLUMBIA,V0J 2N3,-8,54.783308,-127.177324,495,10/1/1997,12/7/2018
102402,SMITHERS - MUHEIM MEMORIAL,1,1188 KING STREET,SMITHERS,BRITISH COLUMBIA,V0J 2N0,-8,54.7785,-127.168542,496,1/16/2019,
102501,TERRACE - BC ACCESS CENTRE,0,104 - 3220 EBY STREET,TERRACE,BRITISH COLUMBIA,V8G 5K8,-8,54.51828,-128.59778,66,11/1/1997,5/6/2015
102503,TERRACE - SKEENA MIDDLE SCHOOL,1,3411 MUNROE STREET,TERRACE,BRITISH COLUMBIA,V8G 3C1,-8,54.52167,-128.6075,81,1/7/2015,
102601,PORT ALBERNI - TOWNSITE,0,5410 ARGYLE STREET,PORT ALBERNI,BRITISH COLUMBIA,V9Y 1T7,-8,49.23444,-124.81472,10,9/16/1997,12/31/2010
102602,PORT ALBERNI - ALBERNI ELEMENTARY,1,4645 HELEN STREET,PORT ALBERNI,BRITISH COLUMBIA,V9Y 6P6,-8,49.261014,-124.806628,21,5/31/2010,
102701,WILLIAMS LAKE - COLUMNEETZA SCHOOL,1,1045 WESTERN AVENUE,WILLIAMS LAKE,BRITISH COLUMBIA,V2G 2J8,-8,52.14428,-122.150391,631,4/15/1992,
102702,WILLIAMS LAKE - SKYLINE SCHOOL,0,SKYLINE SCHOOL,WILLIAMS LAKE,BRITISH COLUMBIA,,-8,52.1161,-122.132,587,8/8/2001,11/30/2007
102706,WILLIAMS LAKE - CRD LIBRARY,0,180 NORTH 3RD AVE,WILLIAMS LAKE,BRITISH COLUMBIA,V2G 2A4,-8,52.13083,-122.14222,609,7/26/2002,6/17/2014
102801,CAMPBELL RIVER - ELK FALLS DOGWOOD,1,ADJACENT TO 660 WESTMERE,CAMPBELL RIVER,BRITISH COLUMBIA,V9W 2Y6,-8,50.018425,-125.24844,63,12/8/1995,
102802,CAMPBELL RIVER - TYEE SPIT,0,3174 TYEE SPIT ROAD,CAMPBELL RIVER,BRITISH COLUMBIA,,-8,50.04789,-125.25476,7,1/1/1998,12/31/2009
103011,ELKFORD -  ROCKY MOUNTAIN ELEMENTARY SCHOOL,1,2500 BALMER DRIVE,ELKFORD,BRITISH COLUMBIA,V0B 1H0,-8,50.00779,-114.93342,1333,1/1/2024,
103021,SPARWOOD - CENTENNIAL SQUARE,1,127 CENTENNIAL SQUARE,SPARWOOD,BRITISH COLUMBIA,V0B 2G0,-8,49.73279,-114.88766,1138,1/1/2024,
103202,GOLDEN - HOSPITAL HELIPAD,1,835 9TH AVENUE SOUTH,GOLDEN,BRITISH COLUMBIA,V0A 1H0,-8,51.29749722,-116.9668528,791,2/11/1999,
103203,GOLDEN - CPR,0,CPR YARD,GOLDEN,BRITISH COLUMBIA,,-8,51.27,-116.93083,789,1/1/2005,12/31/2009
103204,GOLDEN - GOLF COURSE,0,576 GOLD COURSE ROAD,GOLDEN,BRITISH COLUMBIA,,-8,51.3325,-117.00667,786,1/1/2005,11/22/2006
103205,GOLDEN - TOWNSITE,0,835 9TH AVENUE SOUTH,GOLDEN,BRITISH COLUMBIA,,-8,51.2958,-116.972,788,1/1/2005,2/28/2007
103302,NELSON - KUTENAI PLACE,0,333 VICTORIA STREET,NELSON,BRITISH COLUMBIA,,-8,49.49055,-117.295381,562,3/23/2005,4/23/2015
103402,REVELSTOKE - MT. BEGBIE SCHOOL,0,414 DOWNIE STREET,REVELSTOKE,BRITISH COLUMBIA,,-8,50.9918,-118.1881333,445,2/15/2002,7/16/2012
103502,CASTLEGAR - ZINIO PLACE,1,801 9TH AVENUE,CASTLEGAR,BRITISH COLUMBIA,V1N 1M6,-8,49.317698,-117.661527,407,7/11/2011,
103602,MISSION,1,32964 9th Avenue,MISSION,BRITISH COLUMBIA,V2V 2J1,-8,49.14149,-122.311078,74,7/31/2014,
103701,CHETWYND,0,WINDREM ELEMENTARY SCHOOL,CHETWYND,BRITISH COLUMBIA,V0C 1J0,-8,55.6699,-121.632,582,12/22/2006,1/28/2020
103702,PINE RIVER - GAS PLANT,0,GAS PLANT SITE,PINE RIVER,BRITISH COLUMBIA,,-8,55.57453056,-121.9212472,1159,2/1/2005,12/31/2021
103703,PINE RIVER - HASLER - 1,0,GAS PLANT SITE,CHETWYND,BRITISH COLUMBIA,,-8,55.60376,-121.96866,602,1/1/2005,12/31/2008
103704,PINE RIVER - HASLER - 2,0,PINE RIVER GAS PLANT,PINE RIVER,BRITISH COLUMBIA,,-8,55.6056,-121.9722,610,1/6/2010,12/31/2021
103901,KITIMAT - RIVERLODGE,1,651 COLUMBIA AVE W,KITIMAT,BRITISH COLUMBIA,V8C 1V4,-8,54.05389,-128.671436,18,8/11/1998,
103902,KITIMAT - HAUL ROAD,0,HAULAGE ROAD,KITIMAT,BRITISH COLUMBIA,,-8,54.029194,-128.70269,11,1/1/2005,12/31/2022
103903,KITIMAT - RAIL,0,CN RAIL YARD,KITIMAT,BRITISH COLUMBIA,,-8,54.06111,-128.68722,20,1/1/2005,6/25/2010
103904,KITIMAT - WHITESAIL,1,1332 LAHAKAS BLVD NORTH,KITIMAT,BRITISH COLUMBIA,V8C 1G8,-8,54.066909,-128.639131,94,1/1/2005,
103905,KITIMAT - HAISLA VILLAGE,1,347 HAISLA AVENUE,KITIMAT,BRITISH COLUMBIA,V0T 2B0,-8,53.973228,-128.650768,5,8/23/2010,
103906,KITIMAT - RIO TINTO ALCAN PLANT,0,#1 SMELTERSITE ROAD,KITIMAT,BRITISH COLUMBIA,,-8,54.0194,-128.7042,17,9/7/2010,1/1/2015
104003,VERNON - SCIENCE CENTRE,1,2704 HIGHWAY 6,VERNON,BRITISH COLUMBIA,V1T 5G5,-8,50.260617,-119.270723,476,10/15/2002,
104101,GRAND FORKS - CITY HALL,1,"2217 4TH ST. , CITY HALL",GRAND FORKS,BRITISH COLUMBIA,V0H 1H0,-8,49.031168,-118.439088,517,1/1/2007,
104301,TAYLOR - TOWNSITE,1,MCMAHON COMPLEX,TAYLOR,BRITISH COLUMBIA,V0C 2K0,-8,56.150186,-120.686985,474,1/1/1998,
104302,TAYLOR - SOUTH HALL,1,PINGLE CREEK ROAD,TAYLOR,BRITISH COLUMBIA,,-8,56.105871,-120.662779,689,1/1/2005,
104303,BESSBOROUGH - 237 RD.,1,237 ROAD,BESSBOROUGH,BRITISH COLUMBIA,V0C 1B0,-8,55.7919,-120.4836,665,1/1/2016,
104304,FARMINGTON - COMMUNITY HALL,0,4794 PARKLAND ROAD,FARMINGTON,BRITISH COLUMBIA,V0C 1NO,-8,55.913779,-120.533749,696,1/28/2014,12/31/2021
104305,TOMSLAKE - 197 RD. EAST,0,14927 OLD EDMONTON HIGHWAY,TOMSLAKE,BRITISH COLUMBIA,V0C 2L0,-8,55.62684722,-120.0741028,765,1/1/2014,1/1/2015
104401,PORT EDWARD - PACIFIC,0,770 PACIFIC STREET,PORT EDWARD,BRITISH COLUMBIA,,-8,54.22083,-130.28972,39,1/1/1999,3/16/2005
104501,QUADRA ISLAND - LIGHTHOUSE,0,LIGHTHOUSE ROAD,QUADRA ISLAND,BRITISH COLUMBIA,,-8,49.99972,-125.19444,17,1/1/1999,12/31/2009
104601,TELKWA,0,1304 BIRCH STREET,TELKWA,BRITISH COLUMBIA,,-8,54.691482,-127.054334,515,1/2/1999,5/8/2015
104701,PRINCE RUPERT - GALLOWAY RAPIDS,0,HIGHWAY 16,PRINCE RUPERT,BRITISH COLUMBIA,,-8,54.25972,-130.26806,0,1/1/1999,12/20/2004
104801,DUNCAN - DEYKIN AVE.,1,6364 DEYKIN AVENUE,DUNCAN,BRITISH COLUMBIA,V9L 5R2,-8,48.80255,-123.646402,62,1/1/1999,
104803,DUNCAN - CAIRNSMORE,0,490 CAIRNSMORE STREET,DUNCAN,BRITISH COLUMBIA,,-8,48.784854,-123.715846,62,7/28/2009,1/15/2018
104804,DUNCAN - COLLEGE ST.,1,1050 COLLEGE STREET,DUNCAN,BRITISH COLUMBIA,V9L 2E7,-8,48.786114,-123.717307,34,1/20/2018,
105001,WHISTLER - MEADOW PARK,1,MEADOW PARK,WHISTLER,BRITISH COLUMBIA,V0N 1B8,-8,50.144285,-122.960402,638,6/1/2001,
105101,HOUSTON - FIREHALL,1,"Firehall, 3382 11 street",HOUSTON,BRITISH COLUMBIA,V0J 1Z0,-8,54.398594,-126.646833,602,1/1/2000,
105201,BURNS LAKE - FIRE CENTRE,1,"#8 4TH AVE., FIRE CENTRE",BURNS LAKE,BRITISH COLUMBIA,V0J 1E0,-8,54.230731,-125.764354,710,1/1/2000,
105301,LANGDALE - LANGDALE ELEMENTARY,1,1551 JOHNSON RD.,LANGDALE,BRITISH COLUMBIA,V0N 1V6,-8,49.438848,-123.479185,90,1/1/1998,
105401,BOSTON BAR - RCMP STATION,0,47864 OLD BOSTON BAR ROAD,BOSTON BAR,BRITISH COLUMBIA,V0K 1C0,-8,49.86583,-121.4425,162,1/1/2001,12/31/2001
105501,FORT ST. JOHN - NP CULTURAL CENTRE,0,10015 100TH AVENUE,FORT ST. JOHN,BRITISH COLUMBIA,V1J 1Y7,-8,56.245855,-120.848363,692,3/8/2001,10/15/2015
105503,DOIG RIVER - CULTURAL CENTRE,0,4356 DOIG ROAD,DOIG RIVER,BRITISH COLUMBIA,,-8,56.5781,-120.4975,552,1/1/2014,1/1/2015
105504,FORT ST. JOHN - LEARNING CENTRE,1,10511 99 AVENUE,FORT ST. JOHN,BRITISH COLUMBIA, V1J 1V6,-8,56.24473,-120.8561,679,11/6/2014,
105601,OSOYOOS - SHAW GARDENS,0,6601 89TH STREET,OSOYOOS,BRITISH COLUMBIA,V0H 1V0,-8,49.0375,-119.43833,291,8/1/2001,9/9/2002
105604,OSOYOOS - CANADA CUSTOMS,0,202 HWY 97 SOUTH,OSOYOOS,BRITISH COLUMBIA,,-8,49.05584,-119.50792,302,11/1/2004,5/1/2012
106101,VALEMOUNT - FIREHALL,1,1380 5TH AVE.,VALEMOUNT,BRITISH COLUMBIA,V0E 2Z0,-8,52.832459,-119.269821,800,9/11/2015,
106401,ROBSON,0,3113 CHARLESTON ROAD,ROBSON,BRITISH COLUMBIA,,-8,49.337031,-117.698275,441,1/1/2005,2/29/2012
106501,FORT NELSON - BRUCKER RANCH,0,BLOCK A of DISTRICT LOT 1676,FORT NELSON,BRITISH COLUMBIA,,-8,58.57778,-122.58944,483,1/1/2005,9/19/2005
106502,FORT NELSON - CHALO SCHOOL,0,CHALO ROAD (FIRST NATIONS RESERVE),FORT NELSON,BRITISH COLUMBIA,,-8,58.74806,-122.66222,384,1/1/2005,5/15/2009
106503,FORT NELSON - TOWNSITE,0,VILLAGE STREET,FORT NELSON,BRITISH COLUMBIA,,-8,58.81028,-122.70417,456,1/1/2005,9/20/2005
106700,CROFTON - ESCARPMENT WAY,0,1821 ESCARPMENT WAY,CROFTON,BRITISH COLUMBIA,,-8,48.838,-123.6552,128,1/1/2009,12/31/2013
106701,CROFTON - SUBSTATION,0,8541 HAY ROAD,CROFTON,BRITISH COLUMBIA,,-8,48.874529,-123.653929,22,1/1/2009,12/31/2020
106702,1821 ESCARPMENT WAY,0,1427 Georgia Park Heights Rd,CROFTON,BRITISH COLUMBIA,V9L 5W7,-8,48.849649,-123.637031,150,2/13/2014,12/20/2018
106705,CROFTON - CROFTON ELEMENTARY,1,8017 YORK AVE.,CROFTON,BRITISH COLUMBIA,V0R 1R0,-8,48.86,-123.64389,38,4/4/2019,
106800,UCLUELET - AMPHITRITE POINT,0,COAST GUARD DRIVE,UCLUELET,BRITISH COLUMBIA,,-8,48.921799,-125.541209,14,5/13/2010,7/18/2017
106900,VANDERHOOF - BAM,1,2441 BUTE ROAD,VANDERHOOF,BRITISH COLUMBIA,V0J 3A0,-8,54.016516,-124.005856,637,8/12/2009,
107000,PORT ALICE - RUMBLE BEACH HOSPITAL,0,1090 MARINE ROAD,PORT ALICE,BRITISH COLUMBIA,,-8,50.425418,-127.488513,3,2/3/2009,6/23/2015
107001,PORT ALICE - LAKE ROAD,0,LAKE ROAD,PORT ALICE,BRITISH COLUMBIA,,-8,50.377968,-127.435293,152,1/1/2009,6/23/2015
107100,COURTENAY - COURTENAY ELEMENTARY SCHOOL,1,1540 MCPHEE AVENUE,COURTENAY,BRITISH COLUMBIA,V9N 3A5,-8,49.682603,-124.996222,27,5/13/2010,
119001,WHITEHORSE - FEDERAL BUILDING,0,300 MAIN STREET,WHITEHORSE,YUKON,Y1A 2B5,-8,60.72028,-135.05472,639,1/1/1974,5/21/1991
119002,WHITEHORSE - ANDREW PHILIPSEN LAW CENTRE,0,2130 - 2ND AVENUE,WHITEHORSE,YUKON,Y1A 5C3,-8,60.72028,-135.05472,639,10/1/1995,7/16/2001
119003,WHITEHORSE - NAPS HOUSE,0,1091 - FRONT STREET,WHITEHORSE,YUKON,Y1A 1A1,-8,60.718609,-135.049193,643,7/24/2001,1/1/2012
119004,WHITEHORSE - STEELE ST.,1,412 STEELE STREET,WHITEHORSE,YUKON,Y1A 2C8,-8,60.71972,-135.05875,640,9/23/2011,
129001,YELLOWKNIFE - POST OFFICE,0,50TH AVE. & 49TH STREET,YELLOWKNIFE,NORTHWEST TERRITORIES,X1A 1C0,-7,62.455,-114.37167,188,12/26/1999,1/22/2005
129002,YELLOWKNIFE - CITY HALL,0,4807 52ND STREET,YELLOWKNIFE,NORTHWEST TERRITORIES,X1A 2S2,-7,62.45444,-114.37639,187,1/1/1996,8/31/2002
129003,YELLOWKNIFE - SIR JOHN FRANKLIN HIGH SCHOOL,1,"52ND AVE. & 49TH STREET, SIR JOHN FRANKLIN HIGH SCHOOL",YELLOWKNIFE,NORTHWEST TERRITORIES,X1A 1N9,-7,62.45207,-114.364,193,1/1/2003,
129102,NORMAN WELLS - ECC REGIONAL OFFICE,1,#7 FORESTRY ROAD N. WELLS,NORMAN WELLS,NORTHWEST TERRITORIES,X0E 0V0,-7,65.27926,-126.813057,60,1/1/2006,
129103,FORT LIARD - AIRPORT,0,AIRPORT,FORT LIARD,NORTHWEST TERRITORIES,,-7,60.235937,-123.472869,234,1/1/2006,12/31/2012
129202,INUVIK - SAMUEL HEARNE SCHOOL,0,KINGMINGYA ROAD / Block 17,INUVIK,NORTHWEST TERRITORIES,X0E 0T0,-7,68.360052,-133.727206,17,1/1/2006,12/31/2011
129203,INUVIK - BOMPAS RD.,1,"BOMPAS ROAD (BLOCK21, LOT 4084)",INUVIK,NORTHWEST TERRITORIES,X0E 0T0,-7,68.35702037,-133.7140565,30,1/1/2011,
129302,IQALUIT - WILDLIFE SERVICES GARAGE,0,RENEWABLE RESOURCES OFFICE,IQALUIT,NUNAVUT,X0A 0H0,-5,63.749194,-68.520925,33,7/28/2006,11/15/2017
129303,IQALUIT - WATERLAB,1,WATER LAB (1307 FEDERAL ROAD),IQALUIT,NUNAVUT,X0A 0H0,-5,63.751619,-68.522433,35,12/31/2013,
129401,ALERT,1,ALERT,ALERT,NUNAVUT,,-5,82.45083,-62.5056,187,6/19/2003,
129501,SNARE RAPIDS,1,SNARE RAPIDS,SNARE RAPIDS,NORTHWEST TERRITORIES,,-7,63.50825,-116.00867,240,11/30/2005,
129601,FORT SMITH - CONIBEAR CRES.,1,95 CONIBEAR CRESCENT,FORT SMITH,NORTHWEST TERRITORIES,X0E,-7,60.00455,-111.893241,358,1/1/2015,
129602,WOOD BUFFALO NATIONAL PARK,1,WOOD BUFFALO NATIONAL PARK,WOOD BUFFALO NATIONAL PARK,NORTHWEST TERRITORIES,,-7,60.1465,-113.63769,274,1/1/2017,
129701,FORT SIMPSON - HELIPORT,1,ECC COMPOUND,FORT SIMPSON,NORTHWEST TERRITORIES,X0E 0N0,-7,61.8628,-121.353,169,7/23/2023,
**********Definitions_Définitions**********,,,,,,,,,,,,
Station information // Information station,,,,,,,,,,,,
NAPS_ID // Identifiant_SNPA,6-digit site identification.  The first two digits identify the province or territory.  Site IDs are assigned by Environment and Climate Change Canada (ECCC) in no particular order. // Identifiant à 6 chiffres du site. Les deux premiers chiffres identifient la province ou le territoire. Les identifiants de site sont attribués par Environnement et Changement climatique Canada (ECCC) sans ordre particulier.,,,,,,,,,,,
Station_Name // Nom_de_la_station,Common name given to the site by the Province or Territory. // Nom commun donné au site par la province ou le territoire.,,,,,,,,,,,
Status // Statut,Indicates whether the station was active (1) or inactive (0) in the current Station List year. // Indique si la station était active (1) ou inactive (0) au cours de l'année actuelle de la liste des stations.,,,,,,,,,,,
Location_Address // Adresse_de_l'emplacement,Street address or location. // Adresse postale ou emplacement.,,,,,,,,,,,
City // Ville,Municipality or place name. // Municipalité ou nom du lieu.,,,,,,,,,,,
Province/Territory_EN // Province/territoire_FR,Province or Territory. // Province ou territoire.,,,,,,,,,,,
Postal_Code // Code_postal,6-digit alphanumeric postal code. // Code postal alphanumérique à 6 chiffres.,,,,,,,,,,,
Timezone_UTC // Fuseau_horaire_TUC,"Time zone relative to Coordinated Universal Time (UTC) that data from the station are reported in. Data are usually reported in local standard time, however, there are exceptions since some provinces or territories that span multiple time zones choose to use a single time zone for reporting data. UTC is the primary time standard by which the world regulates clocks and time. // Fuseau horaire par rapport au temps universel coordonné (TUC) dans lequel les données de la station sont communiquées. Les données sont généralement communiquées en heure locale standard, mais il existe des exceptions, car certaines provinces ou certains territoires qui s'étendent sur plusieurs fuseaux horaires choisissent d'utiliser un seul fuseau horaire pour communiquer leurs données. Le TUC est la principale norme horaire utilisée dans le monde pour régler les horloges et l'heure.",,,,,,,,,,,
Latitude // Latitude,Latitude is a geographic coordinate that specifies the north–south position of a point on the Earth's surface. // La latitude est une coordonnée géographique qui spécifie la position nord-sud d'un point à la surface de la Terre.,,,,,,,,,,,
Longitude // Longitude,Longitude is a geographic coordinate that specifies the east–west position of a point on the Earth's surface. // La longitude est une coordonnée géographique qui spécifie la position est-ouest d'un point à la surface de la Terre.,,,,,,,,,,,
Elevation_m // Élévation_m,"Elevation of the monitoring station at ground level above sea level in metres. // Élévation du site de surveillance au niveau du sol, au-dessus du niveau de la mer (mètres).",,,,,,,,,,,
Start_Date // Date_de_début,"Date when monitoring began at the site, YYYY-MM-DD.  Note: some measurement parameters may have been added or removed after this date. // Date (aaaa-mm-jj) à laquelle la surveillance a commencé sur le site. Note: certains paramètres de mesure peuvent avoir été ajoutés ou supprimés après cette date.",,,,,,,,,,,
End_Date // Date_de_fin,"Date when monitoring ended at the site, YYYY-MM-DD.  Note: some measurement parameters may have been removed before this date. No value indicates that monitoring is ongoing as of the most recent data publication year. // Date (aaaa-mm-jj) à laquelle la surveillance a pris fin sur le site. Note: certains paramètres de mesure peuvent avoir été supprimés avant cette date. L'absence de valeur indique que la surveillance est toujours en cours à la date de publication des données la plus récente.",,,,,,,,,,,
Combined_Stations // Stations_combinées,"The site IDs associated with a station that has moved locations. Data from these sites may be combined for trend analysis. Site combinations are determined in collaboration with provinces and territories. Factors such as proximity, elevation, inlet height and station classification are considered when determining if two sites can be combined for trend analysis. // Les identifiants de site associés à une station qui a changé d'emplacement. Les données provenant de ces sites peuvent être combinées pour l'analyse des tendances. Les combinaisons de sites sont déterminées en collaboration avec les provinces et les territoires. Des facteurs tels que la proximité, l'élévation, la hauteur de l'entrée et la classification de la station sont pris en compte pour déterminer si deux sites peuvent être combinés pour des analyses de tendances.",,,,,,,,,,,
Inlet_Height_m // Hauteur_d'entrée_m,"Height of the inlet probe above ground level in metres. Unless stated otherwise, the inlet height applies to all pollutants measured at the station. // La hauteur de l'entrée dela sonde au-dessus du niveau du sol (mètres). Sauf indication contraire, la hauteur d'entrée s'applique à tous les polluants mesurés à la station.",,,,,,,,,,,
Network // Réseau,"Site identified in the most recent version of a Provincial or Territorial Annex to the NAPS Memorandum of Understanding, indicated by ""N"".  Ozone sites operated by ECCC's Canadian Air and Precipitation Monitoring Network (CAPMoN) are indicated by the ""C"". // Site identifié dans la nouvelle version d'une Annexe provinciale ou territoriale du protocole d'Entente du SNPA (""N""). Les sites opérés par le Réseau canadien d’échantillonnage des précipitations et de l’air (RCEPA) pour les mesures d'ozone sont idntifiées par ""C"".",,,,,,,,,,,
,,,,,,,,,,,,
Pollutants measured // Polluants mesurés,,,,,,,,,,,,
An X indicates that the station has at least one data record for the pollutant. It does not necessarily mean that monitoring of the pollutant at the station is ongoing. // Un X indique que la station dispose d'au moins un enregistrement de données pour le polluant. Cela ne signifie pas nécessairement que la surveillance du polluant à la station est en cours.,,,,,,,,,,,,
SO2 // SO2,Sulphur dioxide // Dioxyde de soufre,,,,,,,,,,,
CO // CO,Carbon monoxide // Monoxyde de carbone,,,,,,,,,,,
NO2 // NO2,Nitrogen dioxide // Dioxyde d'azote,,,,,,,,,,,
NO // NO,Nitric oxide // Monoxyde d'azote,,,,,,,,,,,
NOX // NOX,Nitrogen oxides (NO + NO2) // Oxydes d'azote (NO + NO2),,,,,,,,,,,
O3 // O3,Ground-level ozone // Ozone au sol,,,,,,,,,,,
PM2.5_Continuous // PM2.5_en_continu,"Particulate matter less than 2.5 microns via continuous monitoring. // Mesure en continue de particules inférieures à 2,5 microns.",,,,,,,,,,,
PM10_Continuous // PM10_en_continu,Particulate matter less than 10 microns via continuous monitoring. //Mesure en continue de particules inférieures à 10 microns.,,,,,,,,,,,
PM2.5_RM // PM2.5_MR,"Particulate matter less than 2.5 microns (NAPS reference (gravimetric) method) via integrated monitoring. // Particules inférieures à 2,5 microns (méthode de référence du Programme SNPA [gravimétrique]) par mesure ponctuelle.",,,,,,,,,,,
PM10_Integrated // PM10_ponctuelle,Particulate matter less than 10 microns via integrated monitoring. // Particules inférieures à 10 microns par mesure ponctuelle.,,,,,,,,,,,
PM2.5-10 // PM2.5-10,"Coarse particulate matter less than 10 microns and greater than 2.5 microns via integrated monitoring. // Les particules grossières inférieures à 10 microns et supérieures à 2,5 microns par mesure ponctuelle. ",,,,,,,,,,,
PM2.5_Speciation // PM2.5_Caractérisation,"Fine particulate matter less than 2.5 microns (chemical constituents) and volatile inorganic compounds via integrated monitoring. // Les particules fines inférieures à 2,5 microns (composantes chimiques) et composés inorganiques volatils par mesure ponctuelle.",,,,,,,,,,,
VOC // COV,Volatile organic compounds via integrated (canister) monitoring. // Composés organiques volatils par surveillance ponctuelle (bonbonne).,,,,,,,,,,,
Carbonyl // Carbonyle,Aldehydes and ketones via integrated monitoring. // Aldéhydes et cétones par surveillance ponctuelle.,,,,,,,,,,,
PAC // CAP,Polycyclic aromatic compounds via integrated monitoring. // Composés aromatiques polycycliques par surveillance ponctuelle.,,,,,,,,,,,
,,,,,,,,,,,,
Station classification // Classification des stations,,,,,,,,,,,,
Site_Type // Type_de_site,Characterizes sites in terms of source influences. // Caractérise les sites en fonction de l'influence des sources.,,,,,,,,,,,
PE Site_Type // PE Type_de_site,"General Population Exposure - site located in an urban area where populations live, work, shop, play, and that are not classified as transportation or point sources. // Exposition de la population générale - Site situé dans une zone urbaine où des populations vivent, travaillent, magasinent et se divertissent, et qui n’est pas classé comme influencé par les transports ou par des sources fixes.",,,,,,,,,,,
RB Site_Type // RB Type_de_site,Regional Backgrounds - site outside urban area. // Concentration de fond régionale - Site à l’extérieur d’une zone urbaine.,,,,,,,,,,,
T Site_Type // T Type_de_site,"Transportation source–influenced - site within 100 m of a major road or influenced by off-road vehicles and engines, rail, marine or aviation sources located in an urban area. // Influencé par les transports - Site à moins de 100 m d’une route majeure ou influencé par les véhicules et moteurs hors routes, les sources ferroviaires, maritimes ou aériennes dans une zone urbaine.",,,,,,,,,,,
PS Site_Type // PS Type_de_site,Point source–influenced - site near (< ~10 km) a major stationary emissions source located in an urban area; classification based on VOC and SO2 ambient measurement data. // Influencé par une source fixe - Site à proximité (<~ 10 km) d’une source fixe importante d’émissions et se trouvant dans une zone urbaine; classification fondée sur les données des COV et du SO2.,,,,,,,,,,,
Urbanization // Urbanisation,"The degree of urbanization around the monitoring site. Population centre (PC) classification (Statistics Canada 2017a, Dictionary) is used to define levels of urbanization. // Le niveau d’urbanisation à proximité du site de surveillance. La classification des centres de population (CP) (Statistique Canada, 2017a, Dictionnaire) est utilisée pour définir les niveaux d'urbanisation.",,,,,,,,,,,
LU Urbanization // LU Urbanisation,"Large Urban Area - large population centre (population ≥ 100,000) // Grande zone urbaine - Grand centre de population (population ≥ 100 000)",,,,,,,,,,,
MU Urbanization // MU Urbanisation,"Medium Urban Area - medium population centre (population between 30,000 and 99,999) // Zone urbaine moyenne - Centre de population moyen (population de 30 000 à 99 999)",,,,,,,,,,,
SU Urbanization // SU Urbanisation,"Small Urban Area - small population centre (population between 1,000 and 29,999) // Petite zone urbaine - Petit centre de population (population de 1 000 à 29 999)",,,,,,,,,,,
NU Urbanization // NU Urbanisation,"Non-Urban (Rural) Area - non-urban area (population < 1,000) // Zone non urbaine (rurale) - Zone non urbaine (population < 1 000)",,,,,,,,,,,
Neighbourhood // Quartier,The size of residential populations residing within 4 km of NAPS monitoring sites. A distance of 4 km represents the maximum distance associated with a neighbourhood scale of spatial representativeness. // La taille de la population résidentielle demeurant dans un rayon de 4 km des sites de surveillance du Programme SNPA. Une distance de 4 km représente la distance maximale associée à une échelle de représentativité spatiale de quartier.,,,,,,,,,,,
P1 Neighbourhood // P1 Quartier,Neighbourhood population < 500 // Population de quartier < 500 ,,,,,,,,,,,
P2 Neighbourhood // P2 Quartier,"Neighbourhood population 500–9,999 // Population de quartier 500 à 9 999 ",,,,,,,,,,,
P3 Neighbourhood // P3 Quartier,"Neighbourhood population 10,000–49,999 // Population de quartier 10 000 à 49 999",,,,,,,,,,,
P4 Neighbourhood // P4 Quartier,"Neighbourhood population 50,000–99,999 // Population de quartier 50 000 à 99 999",,,,,,,,,,,
P5 Neighbourhood // P5 Quartier,"Neighbourhood population 100,000–149,999 // Population de quartier 100 000 à 149 999",,,,,,,,,,,
P6 Neighbourhood // P6 Quartier,"Neighbourhood population ≥ 150,000 // Population de quartier ≥ 150 000",,,,,,,,,,,
Land_Use // Utilisation_du_sol,Represents the dominant land use category within a 400 m radius around each site. A radius of 400 m represents the middle scale of spatial representativeness. // Représente la catégorie d'utilisation du sol dominante dans un rayon de 400 m de chacun des sites. Une distance de 400 m représente l'échelle moyenne de représentativité spatiale.,,,,,,,,,,,
R Land_Use // R Utilisation_du_sol,Residential // Résidentielle,,,,,,,,,,,
C Land_Use // C Utilisation_du_sol,Commercial // Commerciale,,,,,,,,,,,
I Land_Use // I Utilisation_du_sol,Industrial // Industrielle,,,,,,,,,,,
P Land_Use // P Utilisation_du_sol,Parks // Parcs,,,,,,,,,,,
W Land_Use // W Utilisation_du_sol,Water // Plans d’eau,,,,,,,,,,,
A Land_Use // A Utilisation_du_sol,Agriculture // Agricole,,,,,,,,,,,
F Land_Use // F Utilisation_du_sol,Forested // Forêts,,,,,,,,,,,
O Land_Use // O Utilisation_du_sol,Open // Zones dégagées,,,,,,,,,,,
Scale // Échelle,The spatial scale of representativeness the air sample with the scale most appropriate for the monitoring objective at the site. // L'échelle spatiale de représentativité l'échantillon d'air à l'échelle de représentativité spatiale la plus appropriée pour l'objectif de surveillance du site.,,,,,,,,,,,
MI Scale // MI Échelle,Micro - Concentrations in air typical of areas ranging from several metres up to approximately 100 m. // Micro - Concentration atmosphérique typique de régions allant de plusieurs mètres jusqu’à environ 100 mètres.,,,,,,,,,,,
M Scale // M Échelle,"Middle - Concentrations in air typical of areas up to several city blocks ranging from about 100 m to 0.5 km. // Moyenne - Concentration atmosphérique typique de régions pouvant compter plusieurs pâtés de maisons, allant d’environ 100 mètres jusqu’à 0,5 km.",,,,,,,,,,,
N Scale // N Échelle,"Neighbourhood - Concentrations in air typical of some extended area of the city that has relatively uniform land use on the order of 0.5-4 km. // Quartier - Concentration atmosphérique typique de certaines zones élargies de la ville dont l’utilisation du sol est relativement uniforme, allant d’environ 0,5 à 4 km.",,,,,,,,,,,
U Scale // U Échelle,"Urban - Concentrations in air typical of the overall city-wide area on the order of 4-50 km. // Urbaine - Concentration atmosphérique typique de la superficie globale de la ville, allant de 4 km à 50 km.",,,,,,,,,,,
R Scale // R Échelle,"Regional - usually a non-urban area of reasonably homogenous geography that may extend from tens to hundreds of kilometers (U.S. EPA, 1997). // Régionale - Habituellement, une zone non urbaine de géographie raisonnablement homogène, allant de dizaines de kilomètres à des centaines de kilomètres (U.S. EPA, 1997).",,,,,,,,,,,
PC // CP,Population Centre // Centre de population,,,,,,,,,,,
CD // DR,Census Division // Division de recensement,,,,,,,,,,,
CSD // SDR,Census Subdivision // Subdivision de recensement ,,,,,,,,,,,
CMA/CA // RMR/AR,Census Metropolitan Area/Census Agglomeration // Région métropolitaine de recensement / Agglomération de recensement,,,,,,,,,,,
AQMS_Airzone // SGQA_zone_atmosphérique,Air Quality Management System - Provincial/Territorial Air Zone // Système de gestion de la qualité de l'air - zone atmosphériques des provinces et des territoires,,,,,,,,,,,
Core_Site // Site_principal,Core sites include a comprehensive set of measurements at a select number of representative locations across Canada that addresses multiple monitoring objectives. Tier (T)1 core sites are based on the PM2.5 speciation sampling sites.  Tier (T)2 sites have NAPS PM2.5 reference method (gravimetric) samplers. // Les sites principaux comprennent un ensemble exhaustif de mesures à un certain nombre d'emplacements représentatifs au Canada qui répondant à plusieurs objectifs de surveillance.  Les sites principaux de niveau (T) 1 sont basés sur les sites d'échantillonnage de caractérisation des PM2.5. Les sites de niveau (T) 2 disposent d’échantillonneurs (gravimétriques) selon la méthode de référence SNPA PM2.5.,,,,,,,,,,,
**********DataSources_SourcesdesDonnées**********,,,,,,,,,,,,
The NAPS Stations classifications are based on the 2021 Census Data from Statistics Canada. ,,,,,,,,,,,,
Les classifications des stations SNPA sont basées sur les données du recensement de 2021 de Statistique Canada.,,,,,,,,,,,,
,,,,,,,,,,,,
Please refer to the NAPS QA/QC Guidelines for information on how classifications are determined:,,,,,,,,,,,,
Veuillez vous référer aux lignes directrices AQ/CQ du SNPA pour obtenir des informations sur la façon dont les classifications sont effectuées:,,,,,,,,,,,,
,,,,,,,,,,,,
Each classification is derived from the following data sources:,,,,,,,,,,,,
Chaque classification est tirée des sources de données suivantes :,,,,,,,,,,,,
,,,,,,,,,,,,
Census Division // Division de recensement,,,,,,,,,,,,
Census Division Boundaries:,2021 Census Boundary files (statcan.gc.ca),,,,,,,,,,,
Limites des divisions de recensement :,Recensement de 2021 - Fichiers des limites (statcan.gc.ca),,,,,,,,,,,
,,,,,,,,,,,,
Census Subdivision // Subdivision de recensement ,,,,,,,,,,,,
Census Subdivision Boundaries:,2021 Census Boundary files (statcan.gc.ca),,,,,,,,,,,
Limites des subdivisions de recensement :,Recensement de 2021 - Fichiers des limites (statcan.gc.ca),,,,,,,,,,,
,,,,,,,,,,,,
Census Metropolitan Area/Census Agglomeration // Section métropolitaine / Agglomération de recensement ,,,,,,,,,,,,
Census Metropolitan Area/Census Agglomeration Boundaries:,2021 Census Boundary files (statcan.gc.ca),,,,,,,,,,,
Limites des sections métropolitaine / Agglomérations de recensement :,Recensement de 2021 - Fichiers des limites (statcan.gc.ca),,,,,,,,,,,
,,,,,,,,,,,,
Population Centre // Centre de population,,,,,,,,,,,,
Population Centre Boundaries:,2021 Census Boundary files (statcan.gc.ca),,,,,,,,,,,
Limites des centres de population :,Recensement de 2021 - Fichiers des limites (statcan.gc.ca),,,,,,,,,,,
,,,,,,,,,,,,
Urbanization // Urbanisation,,,,,,,,,,,,
Population Centre Boundaries:,2021 Census Boundary files (statcan.gc.ca),,,,,,,,,,,
Limites des centres de population :,Recensement de 2021 - Fichiers des limites (statcan.gc.ca),,,,,,,,,,,
Population Centre Population Data:,"Census Profile Downloads, 2021 (statcan.gc.ca)",,,,,,,,,,,
Données sur la population du centre de population :,"Téléchargements du Profil du recensement, 2021 (statcan.gc.ca)",,,,,,,,,,,
,,,,,,,,,,,,
Neighbourhood // Quartier,,,,,,,,,,,,
Dissemination Block Boundaries:,2021 Census Boundary files (statcan.gc.ca),,,,,,,,,,,
Limites des îlots de diffusion :,Recensement de 2021 - Fichiers des limites (statcan.gc.ca),,,,,,,,,,,
Dissemination Block Population Data:,"Census Profile Downloads, 2021 (statcan.gc.ca)",,,,,,,,,,,
Données sur la population de l'îlot de diffusion :,"Téléchargements du Profil du recensement, 2021 (statcan.gc.ca)",,,,,,,,,,,
,,,,,,,,,,,,
Land Use Land Cover // Utilisation du sol et couverture du sol:,,,,,,,,,,,,
Open Street Map Data // Données de la carte «Open Street» :,Geofabrik Download Server,,,,,,,,,,,
Sentinel-2 10m // Sentinelle-2 10m :,Sentinel-2 Land Use/ Land Cover Downloader (arcgis.com),,,,,,,,,,,
,,,,,,,,,,,,
Site_Type // Catégorie de site,,,,,,,,,,,,
NPRI Data:,"Single year data tables by facility – releases, transfers and disposals - Open Government Portal (canada.ca)",,,,,,,,,,,
Données d' INRP :,"Tableaux de données pour une année, par installation – Rejets, transferts et éliminations - Portail du gouvernement ouvert (canada.ca)",,,,,,,,,,,
NAPS QA/QC Data:,Ambient Air Monitoring and Quality Assurance/Quality Control Guidelines: National Air Pollution Surveillance Program (ccme.ca),,,,,,,,,,,
 SNPA AQ/CQ :,"Lignes directrices sur la surveillance de l’air ambiant, l’assurance et le contrôle de la qualité : Programme de surveillance national de la pollution atmosphérique (ccme.ca)",,,,,,,,,,,
,,,,,,,,,,,,
Scale // Échelle,,,,,,,,,,,,
NAPS QA/QC Data:,Ambient Air Monitoring and Quality Assurance/Quality Control Guidelines: National Air Pollution Surveillance Program (ccme.ca),,,,,,,,,,,
 SNPA AQ/CQ :,"Lignes directrices sur la surveillance de l’air ambiant, l’assurance et le contrôle de la qualité : Programme de surveillance national de la pollution atmosphérique (ccme.ca)",,,,,,,,,,,
